기준년월,"	HSK품목코드","	수출입구분코드","	수산물수출입품목명","	수출입구분명","	당월 수출입중량","	당월 수출입미화금액","	당해 누계 수출입중량","	당해 누계 수출입미화금액","	데이터기준일자	"
201706,301929090,E,뱀장어(앵궐라종),수출,5408,81488,10303,154556,2017-06-30
201706,301994090,E,돔(기타),수출,878,16334,2252,38422,2017-06-30
201706,301995000,E,붕장어(활어),수출,108186,1483116,842871,11113397,2017-06-30
201706,301996000,E,갯장어(sharp toothed eel/활어),수출,8138,185662,16136,353043,2017-06-30
201706,301998000,E,넙치(활어),수출,171960,2925984,1267657,19450533,2017-06-30
201706,301999010,E,능성어(활어),수출,24,333,990,28323,2017-06-30
201706,301999020,E,복어(활어),수출,0,0,1909,24304,2017-06-30
201706,301999040,E,볼락(적어포함/활어),수출,40,697,990,14856,2017-06-30
201706,301999059,E,농어(기타),수출,45,813,115,2016,2017-06-30
201706,301999060,E,숭어(활어),수출,38,449,5345,85558,2017-06-30
201706,301999070,E,미꾸라지(활어),수출,134,2870,1125,18875,2017-06-30
201706,301999091,E,노래미(활어),수출,0,0,48,935,2017-06-30
201706,301999099,E,기타어류(활어),수출,98,2296,29550,98347,2017-06-30
201706,302190000,E,연어(송어/태평양연어 기타/간장/어란/신선/냉장/어육제외),수출,76,1083,519,7871,2017-06-30
201706,302210000,E,넙치(간장/ 어란제외/신선/ 냉장/피레트/ 어육제외),수출,53467,432376,252882,2374807,2017-06-30
201706,302220000,E,가자미(간장/ 어란제외/신선/ 냉장/피레트/어육제외),수출,13173,33993,13311,35754,2017-06-30
201706,302240000,E,터벗(신선 또는 냉장)(프세타 맥시마),수출,268,6452,11736,293883,2017-06-30
201706,302290000,E,기타 넙치류(간장/ 어란제외/신선/ 냉장/피레트/ 어육제외),수출,1320,13942,17340,130395,2017-06-30
201706,302330000,E,가다랑어 또는 줄무늬버니토우(신선/냉장),수출,0,0,1360,2862,2017-06-30
201706,302352000,E,태평양 참다랑어(신선 또는 냉장)(터너스 오리엔탈리스),수출,0,0,939,4718,2017-06-30
201706,302360000,E,남방참다랑어(터너스 맥코이/신선/냉장),수출,0,0,58760,419494,2017-06-30
201706,302390000,E,기타(신선/냉장),수출,0,0,466149,1884865,2017-06-30
201706,302410000,E,청어(신선 또는 냉장)(클루페아 하렌구스/클루페아 팔라시),수출,300,300,19720,8430,2017-06-30
201706,302420000,E,멸치(신선 또는 냉장)(엔그라울리스종),수출,0,0,209,387,2017-06-30
201706,302440000,E,고등어(신선 또는 냉장)(스콤버-스콤브루스/오스트랄시쿠스/자포니쿠스)),수출,19,194,18990,168395,2017-06-30
201706,302450000,E,전갱이(신선 또는 냉장)(트라커러스종),수출,6,136,11,173,2017-06-30
201706,302491000,E,삼치[스콤버로모러스(Scomberomorus)종],수출,9415,57495,285750,2062204,2017-06-30
201706,302492000,E,병어[팜푸스(Pampus)종],수출,100,2258,592,9120,2017-06-30
201706,302499000,E,기타,수출,0,0,855,2671,2017-06-30
201706,302510000,E,대구(신선 또는 냉장)(가두스 모르화/가두스 오각/가두스 마크로세팔루스),수출,0,0,87,921,2017-06-30
201706,302720000,E,메기(신선 또는 냉장)(판가시우스종/실루러스종/클라리아스종/익타루러스종),수출,0,0,4,49,2017-06-30
201706,302740000,E,뱀장어(신선 또는 냉장)(앵귈라종),수출,0,0,3,114,2017-06-30
201706,302820000,E,가오리와 홍어(라지대과)(신선 또는 냉장),수출,170,3960,647,16423,2017-06-30
201706,302840000,E,농어(냉동)(디센트라르쿠스종),수출,15,304,432,7624,2017-06-30
201706,302850000,E,돔(신선 또는 냉장)(스파리대과),수출,108,1790,1457,13044,2017-06-30
201706,302891000,E,방어(신선 또는 냉장),수출,61,992,298589,687844,2017-06-30
201706,302892000,E,갈치(신선 또는 냉장),수출,90,3043,2397,26615,2017-06-30
201706,302893000,E,붕장어(신선 또는 냉장),수출,1586,4523,2425,33044,2017-06-30
201706,302895000,E,꽁치(신선 또는 냉장)(학꽁치를 포함한다),수출,0,0,83609,461573,2017-06-30
201706,302896000,E,돔(신선 또는 냉장)(스파리대과를 제외한다),수출,6460,23775,21850,91716,2017-06-30
201706,302899020,E,복어(신선 또는 냉장),수출,0,0,2804,87171,2017-06-30
201706,302899040,E,아귀(신선 또는 냉장),수출,10,4,338810,1085212,2017-06-30
201706,302899090,E,기타(신선 또는 냉장)(삼치/복어/병어/아귀 외 기타),수출,88204,1857633,480789,8438052,2017-06-30
201706,302912000,E,어란(魚卵)ㆍ어백(魚白),수출,0,0,50,496,2017-06-30
201706,303110000,E,소크아이 연어(홍연어/옹코링쿠스 넬카),수출,0,0,117546,782491,2017-06-30
201706,303120000,E,그 밖의 태평양 연어(옹코링쿠스 고르부스카/옹코링쿠스 케타/옹코링쿠스 차비차/옹코링쿠스 키수츠/옹코링쿠스 마소/옹코링쿠스 로두루스),수출,254891,527790,1083326,3175859,2017-06-30
201706,303130000,E,대서양연어(냉동)(살모 살라)와 다뉴브연어(후코 후코),수출,0,0,79173,547314,2017-06-30
201706,303140000,E,송어(살모 트루타/옹코링쿠스-미키스/클라키/아구아보니타/길래/아파케/크리소가스터),수출,0,0,20640,22454,2017-06-30
201706,303190000,E,연어(기타),수출,0,0,37,416,2017-06-30
201706,303230000,E,틸라피아(냉동)(오레오크로미스종),수출,0,0,1500,16476,2017-06-30
201706,303240000,E,메기(냉동)(판가시우스종/실루러스종/클라리아스종/익타루러스종),수출,17,268,17,268,2017-06-30
201706,303260000,E,뱀장어(냉동)(앵귈라종),수출,0,0,23761,20032,2017-06-30
201706,303290000,E,연어(송어/ 대서양연어 등 이외 기타/냉동/피레트/ 어육제외),수출,45,691,112,2106,2017-06-30
201706,303310000,E,넙치[레인하드티우스 히포글러소이데스/히포글러서스 히포글러서스/히포글러서스 스테노레피스),수출,13361,182745,216612,2728103,2017-06-30
201706,303320000,E,가자미(플루로넥테스 플라테사),수출,33353,61010,329395,504224,2017-06-30
201706,303330000,E,서대(간장/ 어란제외/냉동/피레트/ 어육제외),수출,162,1539,162,1539,2017-06-30
201706,303390000,E,넙치류(간장/ 어란제외/냉동/피레트/ 어육제외),수출,185570,1620893,850260,4490306,2017-06-30
201706,303410000,E,날개다랑어 또는 긴지느러미다랑어(터너스알라룽가/냉동),수출,189506,508377,613118,1703285,2017-06-30
201706,303420000,E,황다랑어(터너스 알바카레스/냉동),수출,1420060,3812690,18971978,40793598,2017-06-30
201706,303430000,E,가다랑어 또는 줄무늬버니토우(냉동),수출,8053422,13429058,48948112,69609637,2017-06-30
201706,303440000,E,눈다랑어(냉동),수출,216471,1469771,2135235,7974884,2017-06-30
201706,303451000,E,대서양 참다랑어(냉동)(터너스 티너스),수출,2398,30651,6668,90441,2017-06-30
201706,303452000,E,태평양 참다랑어(냉동)(터너스 오리엔탈리스),수출,0,0,150865,500770,2017-06-30
201706,303460000,E,남방참다랑어(터너스맥코이/냉동),수출,0,0,99510,1102112,2017-06-30
201706,303490000,E,기타(냉동),수출,55419,95616,189918,319060,2017-06-30
201706,303510000,E,청어(클루페아 하렌구스/클루페아 팔라시),수출,1404084,906079,2463116,1685370,2017-06-30
201706,303530000,E,정어리(냉동)(사르디나 필차르두스/사르디노프스종),수출,56620,50864,382480,384319,2017-06-30
201706,303540000,E,고등어(스콤버 스콤브루스/스콤버 오스트랄라시쿠스/스콤버 자포니쿠스),수출,109335,148657,4471917,5298887,2017-06-30
201706,303550000,E,전갱이(냉동)(트라커러스종),수출,1479459,2156595,4349822,6135238,2017-06-30
201706,303570000,E,황새치(자이피어스글래디어스),수출,725664,3847520,2649295,14261892,2017-06-30
201706,303591000,E,삼치[스콤버로모러스(Scomberomorus)종],수출,738995,1835775,7300763,21974428,2017-06-30
201706,303592000,E,꽁치[콜로라비스 사이라(Cololabis saira)],수출,900,11176,353400,678144,2017-06-30
201706,303599000,E,기타,수출,47290,136393,299394,816880,2017-06-30
201706,303630000,E,대구(가두스 모르화/가두스 오각/가두스 마크로세팔루스),수출,1345507,5217574,5686136,21487950,2017-06-30
201706,303640000,E,민대구(메루키우스종/유르피키스종),수출,15,824,25,1442,2017-06-30
201706,303660000,E,민대구(냉동)(메루키우스종 등 2종),수출,81538,89399,1159167,1542403,2017-06-30
201706,303670000,E,명태(냉동)(테라그라 찰코그라마),수출,923898,1103606,4113965,5061637,2017-06-30
201706,303691000,E,새꼬리민태(냉동),수출,48226,72080,157820,218220,2017-06-30
201706,303699000,E,기타(냉동)(새꼬리민태 외 기타),수출,0,0,6850,20498,2017-06-30
201706,303810000,E,곱상어와 기타 상어(냉동),수출,201165,111699,257042,154857,2017-06-30
201706,303821000,E,가오리(냉동),수출,0,0,256677,350637,2017-06-30
201706,303822000,E,홍어(냉동),수출,6435,22359,10020,38048,2017-06-30
201706,303830000,E,이빨고기(냉동)(디소스티쿠스종),수출,103709,3053654,1252951,39524349,2017-06-30
201706,303840000,E,농어(신선 또는 냉장)(디센트라르쿠스종),수출,13365,307575,46596,766280,2017-06-30
201706,303891000,E,은대구(냉동),수출,4,70,97,1639,2017-06-30
201706,303892000,E,갈치(냉동),수출,44012,180979,496370,1699492,2017-06-30
201706,303893010,E,옥돔(냉동)(브랜치오스테거스 자포니커스),수출,179,3008,314,8030,2017-06-30
201706,303893090,E,돔(냉동)(기타),수출,13695,59627,98077,292690,2017-06-30
201706,303894000,E,붕장어(냉동),수출,1030,11186,103177,345576,2017-06-30
201706,303895000,E,조기(냉동),수출,738,9640,63825,227803,2017-06-30
201706,303896000,E,꽁치(냉동)(학꽁치를 포함한다),수출,18407,52167,453433,1450962,2017-06-30
201706,303898000,E,복어(냉동),수출,0,0,215,1650,2017-06-30
201706,303899010,E,보리멸(냉동),수출,500,1730,92543,151049,2017-06-30
201706,303899030,E,달고기(냉동),수출,140,1132,49778,70714,2017-06-30
201706,303899040,E,임연수어(냉동),수출,318870,1033231,1506561,4375973,2017-06-30
201706,303899050,E,볼낙(냉동)(적어를 포함한다),수출,65529,278451,182201,458472,2017-06-30
201706,303899060,E,아귀(냉동),수출,4000,12003,11841,42322,2017-06-30
201706,303899070,E,먹장어(냉동)(대서양 또는 태평양),수출,290,3072,1438,16106,2017-06-30
201706,303899091,E,민어(냉동),수출,2194,12033,61831,191110,2017-06-30
201706,303899092,E,까나리(냉동),수출,0,0,1260,5987,2017-06-30
201706,303899099,E,기타어류(냉동),수출,1179111,2380247,10564748,22094791,2017-06-30
201706,303912010,E,명란,수출,539590,3508494,2162690,14648740,2017-06-30
201706,303912090,E,기타,수출,18502,45735,249456,779386,2017-06-30
201706,303990000,E,기타,수출,41490,108966,272747,634242,2017-06-30
201706,304390000,E,기타(신선 또는 냉장한 피레트),수출,42,1869,2221,11972,2017-06-30
201706,304410000,E,태평양 연어(옹코링쿠스- 넬카/고르부스카/케타/차비차/키수츠/마소//로두루스/ 대서양 연어(살모 살라/다뉴브 연어),수출,0,0,53,2029,2017-06-30
201706,304439000,E,넙치류 기타(신선 또는 냉장),수출,0,0,21,153,2017-06-30
201706,304450000,E,황새치(신선 또는 냉장한 피레트)(자이피어스 글래디어스),수출,0,0,7096,48459,2017-06-30
201706,304491000,E,붕장어(신선 또는 냉장한 피레트),수출,79189,1260918,533336,7433650,2017-06-30
201706,304499000,E,기타(신선 또는 냉장한 피레트),수출,0,0,159,665,2017-06-30
201706,304519000,E,틸라피아/메기/잉어/뱀장어/나일퍼치 종의 기타(기타/신선 또는 냉장한 것),수출,125,3405,780,19512,2017-06-30
201706,304593090,E,참다랑어 기타(기타/신선 또는 냉장한 것),수출,0,0,8,160,2017-06-30
201706,304610000,E,틸라피아(냉동한 피레트)(오레오크로미스종),수출,15870,122786,15970,124465,2017-06-30
201706,304690000,E,틸라피아/메기/잉어/뱀장어/나일퍼치 종의 기타(냉동한 피레트),수출,0,0,210,196,2017-06-30
201706,304710000,E,대구(가두스 모르화/가두스 오각/가두스 마크로세팔루스),수출,0,0,48267,141886,2017-06-30
201706,304750000,E,명태(냉동한 피레트)(테라그라 찰코그라마),수출,23065,70580,936478,2213312,2017-06-30
201706,304810000,E,태평양 연어(옹코링쿠스 -넬카/고르부스카/케타/차비차/키수츠/마소/로두루스)/ 대서양 연어(살모 살라)/다뉴브 연어(후코 후코)),수출,0,0,23,261,2017-06-30
201706,304820000,E,송어(살모 트루타/옹코링쿠스-미키스/클라키/아구아보니타/길래/아파케/크리소가스터),수출,0,0,90,1546,2017-06-30
201706,304831000,E,가자미(냉동한 피레트),수출,1436,8450,19260,105899,2017-06-30
201706,304839000,E,넙치류 기타(냉동한 피레트),수출,300,5069,410,8801,2017-06-30
201706,304840000,E,황새치(냉동한 피레트)(자이피어스 글래디어스),수출,87396,551038,369546,2593112,2017-06-30
201706,304860000,E,청어(냉동한 피레트)(클루페아 하렌구스 /클루페아팔라시),수출,0,0,8320,13961,2017-06-30
201706,304871000,E,참다랑어(냉동한 피레트),수출,32638,940533,299799,8301938,2017-06-30
201706,304879000,E,다랑어 기타(냉동한 피레트),수출,1731589,21923339,9576539,112450462,2017-06-30
201706,304891000,E,붕장어의 것(냉동한 피레트),수출,32820,312582,379721,4221816,2017-06-30
201706,304892000,E,이빨고기(냉동한 피레트)(디소스티쿠스종은 제외한다)의 것,수출,0,0,1731,21376,2017-06-30
201706,304899000,E,기타어류의 기타(냉동한 피레트),수출,94493,1021752,770944,7399808,2017-06-30
201706,304939000,E,틸라피아/메기/잉어/뱀장어/나일퍼치 종의 냉동연육외 기타,수출,0,0,180,625,2017-06-30
201706,304941000,E,명태 냉동연육,수출,0,0,31620,75150,2017-06-30
201706,304991000,E,기타 냉동연육,수출,63600,180495,214082,512034,2017-06-30
201706,304999000,E,기타 냉동연육 외 기타,수출,53055,430713,153253,1115491,2017-06-30
201706,305100000,E,어류의 고운 가루ㆍ거친 가루와 펠릿(pellet)(식용에 적합한 것으로 한정한다),수출,110,278,2508,23205,2017-06-30
201706,305204010,E,어란(명태/염장/염수장),수출,1461,44121,36305,445132,2017-06-30
201706,305204020,E,어란(조기/염장/염수장),수출,0,0,42,372,2017-06-30
201706,305204030,E,어란(청어/염장/염수장),수출,0,0,216,420,2017-06-30
201706,305204090,E,어란(명태/ 조기/ 청어이외 기타/염장/ 염수장),수출,739,5150,2057,20283,2017-06-30
201706,305321000,E,브레그마세로티대과외6종무리에놀레피디대과어류 건조한것 ,수출,780,23047,780,23047,2017-06-30
201706,305391000,E,기타어류의 피레트(건조한것),수출,522,14330,695,20720,2017-06-30
201706,305392000,E,기타어류의 피레트(염장 또는 염수장한 것),수출,3709,24016,9477,45819,2017-06-30
201706,305410000,E,태평양 연어(옹코링쿠스- 넬카/고르부스카/케타/차비차/키수츠/마소/로두루스)/ 대서양 연어(살모 살라)/ 다뉴브 연어(후코 후코)),수출,645,14201,4563,87856,2017-06-30
201706,305430000,E,송어(훈제한 어류),수출,0,0,420,6378,2017-06-30
201706,305491000,E,멸치(훈제/피레트포함),수출,1286,16011,42338,480919,2017-06-30
201706,305492000,E,명태(훈제/피레트포함),수출,2520,12745,3150,20965,2017-06-30
201706,305499000,E,어류(연어/ 청어/ 멸치/ 명태이외 기타/훈제/피레트 포함),수출,805,30366,20339,224316,2017-06-30
201706,305510000,E,대구(건조/염장불문/훈제제외),수출,0,0,1488,13671,2017-06-30
201706,305530000,E,대구[가두스 모르화(Gadus morhua)ㆍ가두스 오각(Gadus ogac)ㆍ가두스 마크로세팔루스(Gadus macrocephalus)] 이외의 브레그마세로티대(Bregmacerotidae)과ㆍ유,수출,19,1292,19,1292,2017-06-30
201706,305541000,E,멸치[엔그라울리스(Engraulis)종],수출,17028,246759,257621,3186104,2017-06-30
201706,305549000,E,기타,수출,600,9560,4747,63127,2017-06-30
201706,305593000,E,명태(건조/염장불문/훈제제외),수출,13923,207948,73062,1025396,2017-06-30
201706,305594000,E,조기(건조/염장불문/훈제제외),수출,12774,148719,37472,440700,2017-06-30
201706,305597000,E,까나리(건조/염장불문/훈제제외),수출,31246,262015,44860,445387,2017-06-30
201706,305598000,E,실치(건조/염장불문/훈제제외),수출,0,0,1646,20091,2017-06-30
201706,305599000,E,어류(대구/상어지느러미/멸치/명태/조기등외기타건조/훈제제외),수출,24866,370414,179142,2506987,2017-06-30
201706,305610000,E,청어(염장/염수장),수출,9680,18160,9680,18160,2017-06-30
201706,305631000,E,멸치젓(염장/염수장),수출,6252,18013,25121,60358,2017-06-30
201706,305639000,E,멸치(멸치젓 이외 기타/염장/ 염수장),수출,1030,7546,10257,33433,2017-06-30
201706,305640000,E,틸라피아/메기/잉어/뱀장어/나일퍼치 종의 건조한 것,수출,0,0,100,2036,2017-06-30
201706,305693000,E,갈치(염장/염수장),수출,953,8588,6285,56657,2017-06-30
201706,305695000,E,고등어(염장/염수장),수출,25124,204565,77165,603201,2017-06-30
201706,305696000,E,조기(염장/염수장),수출,2200,16214,2750,20267,2017-06-30
201706,305697000,E,전갱이(염장/염수장),수출,0,0,108,989,2017-06-30
201706,305698000,E,꽁치(학꽁치 포함/염장/ 염수장),수출,960,2958,1974,18942,2017-06-30
201706,305699000,E,어류(청어/대구/연어/송어/갈치/정어리/고등어 등 이외),수출,1367,5215,34738,205352,2017-06-30
201706,305712000,E,상어 지느러미(건조한 것),수출,0,0,15495,360925,2017-06-30
201706,305713000,E,상어 지느러미(염장 또는 염수장한것),수출,0,0,133,353,2017-06-30
201706,305729000,E,대구의 것 외 기타(어류의 머리 꼬리 위),수출,0,0,100,1709,2017-06-30
201706,305790000,E,기타 어류의 머리 꼬리,수출,6976,92646,16866,185088,2017-06-30
201706,306119000,E,닭새우류(팔리누루스종 파누리루스종 자수스종)(냉동한것)(기타),수출,0,0,3475,53850,2017-06-30
201706,306129000,E,바닷가재(호마루스종)(냉동한 것) 훈제한 것(기타),수출,1,4,1,4,2017-06-30
201706,306141090,E,게살(냉동한 것) 훈제한 것(기타),수출,0,0,2668,18916,2017-06-30
201706,306142090,E,왕게(냉동한 것) 기타,수출,1417,45443,4098,124107,2017-06-30
201706,306143090,E,꽃게(냉동한 것) 기타,수출,25395,74979,80381,224015,2017-06-30
201706,306149090,E,갑각류 기타(냉동한 것)(훈제한것 외 기타),수출,110196,1317822,914718,9704099,2017-06-30
201706,306159000,E,노르웨이 바닷가재(네프로프스 노르베지쿠스)(냉동한 것)(기타),수출,0,0,53,1313,2017-06-30
201706,306161090,E,냉수성 새우류(판달러스종/크란곤 크란곤)의 새우살(냉동한 것)(훈제한 것 외 기타),수출,3200,11323,13200,45672,2017-06-30
201706,306169090,E,냉수성 새우류(판달러스종/크란곤 크란곤)기타(냉동한 것)(훈제한 것),수출,21912,205573,55594,523697,2017-06-30
201706,306171090,E,기타의 새우류의 새우살(냉동한 것)(훈제한 것 외 기타),수출,192090,56538,612002,276751,2017-06-30
201706,306179090,E,기타의 새우류의 기타(냉동한 것)(훈제한 것 외 기타),수출,267862,149509,2210137,1497349,2017-06-30
201706,306199000,E,기타[분ㆍ조분 및 펠리트를 포함(식용에 적합)](냉동한 것)(훈제한 것 외 기타),수출,240,551,6067,38624,2017-06-30
201706,306320000,E,바닷가재[호마루스(Homarus)종],수출,40,640,40,640,2017-06-30
201706,306331000,E,꽃게,수출,30,913,5610,72290,2017-06-30
201706,306332000,E,대게,수출,10590,206542,28174,747353,2017-06-30
201706,306339000,E,게(기타),수출,114311,4168004,635821,23551043,2017-06-30
201706,306360000,E,그 밖의 새우류,수출,150,3747,3475,40476,2017-06-30
201706,306390000,E,기타[식용에 적합한 것으로서 고운 가루ㆍ거친 가루와 펠릿(pellet)을 포함한다],수출,0,0,82,3002,2017-06-30
201706,306912000,E,건조한 것,수출,0,0,4,343,2017-06-30
201706,306933000,E,염장이나 염수장한 것,수출,0,0,696,4318,2017-06-30
201706,306951020,E,건조한 것,수출,0,0,91,1392,2017-06-30
201706,306951030,E,염장이나 염수장한 것,수출,0,0,2,15,2017-06-30
201706,306959020,E,건조한 것,수출,350,7305,2337,51873,2017-06-30
201706,306959030,E,염장이나 염수장한 것,수출,9110,45116,50968,191510,2017-06-30
201706,306993000,E,염장이나 염수장한 것,수출,0,0,23,155,2017-06-30
201706,307111090,E,굴치패 종패용 외 기타(산 것  신선 또는 냉장한 것),수출,530,3582,12248,106004,2017-06-30
201706,307119000,E,굴치패 기타(산 것 신선 또는 냉장한 것),수출,10142,42704,325298,1659554,2017-06-30
201706,307120000,E,냉동한 것,수출,601837,3802183,3773505,21803486,2017-06-30
201706,307192000,E,기타 굴(건조한 것),수출,0,0,1,1,2017-06-30
201706,307193000,E,기타 굴(염장 또는 염수장,수출,163,4305,9654,93821,2017-06-30
201706,307194000,E,기타 굴(훈제한 것),수출,20390,204889,20398,204940,2017-06-30
201706,307210000,E,가리비과의 조개(산것/신선/ 냉장),수출,37,1527,708,7844,2017-06-30
201706,307220000,E,냉동한 것,수출,0,0,2042,19023,2017-06-30
201706,307293000,E,가리비과의조개(염장/염수장),수출,0,0,1766,19752,2017-06-30
201706,307310000,E,홍합(산것/신선/냉장),수출,0,0,20,120,2017-06-30
201706,307320000,E,냉동한 것,수출,100,478,3824,13468,2017-06-30
201706,307392000,E,홍합(건조),수출,1744,29666,3154,62804,2017-06-30
201706,307399000,E,홍합(산 것/ 신선/ 냉장/ 냉동/ 건조 이외 기타),수출,0,0,4268,15417,2017-06-30
201706,307421010,E,세피아 오피시날리스(Sepia officinalis)ㆍ로시아 마크로소마(Rossia macrosoma)ㆍ세피올라(Sepiola)종,수출,3120,4680,3125,4718,2017-06-30
201706,307421090,E,기타,수출,5003,10053,19541,42277,2017-06-30
201706,307422090,E,기타,수출,116,1541,276,3359,2017-06-30
201706,307431010,E,세피아 오피시날리스(Sepia officinalis)ㆍ로시아 마크로소마(Rossia macrosoma)ㆍ세피올라(Sepiola)종,수출,0,0,7951,34102,2017-06-30
201706,307431090,E,기타,수출,2030,10050,23754,82248,2017-06-30
201706,307432010,E,옴마스트레페스(Ommastrephes)종ㆍ로리고(Loligo)종ㆍ노토토다루스(Nototodarus)종ㆍ세피오투디스(Sepioteuthis)종,수출,416192,1287828,1493907,4494220,2017-06-30
201706,307432090,E,기타,수출,3112071,9140841,11212371,32620244,2017-06-30
201706,307492010,E,갑오징어[세피아 오피시날리스(Sepia officinalis)ㆍ로시아 마크로소마(Rossia macrosoma)ㆍ세피올라(Sepiola)종]와 오징어[옴마스트레페스(Ommastrephes)종ㆍ로,수출,1970,7741,169896,440127,2017-06-30
201706,307492090,E,기타,수출,2052,14974,11339,109819,2017-06-30
201706,307493010,E,갑오징어[세피아 오피시날리스(Sepia officinalis)ㆍ로시아 마크로소마(Rossia macrosoma)ㆍ세피올라(Sepiola)종]와 오징어[옴마스트레페스(Ommastrephes)종ㆍ로,수출,3615,88389,9732,251380,2017-06-30
201706,307493090,E,기타,수출,1494,34134,23587,392973,2017-06-30
201706,307494010,E,갑오징어(훈제한 것),수출,0,0,26,214,2017-06-30
201706,307494090,E,기타,수출,83,2412,573,15830,2017-06-30
201706,307511000,E,낙지(산것/신선/ 냉장),수출,1267,29844,9357,214783,2017-06-30
201706,307512000,E,주꾸미(산것/신선/ 냉장),수출,0,0,199,2060,2017-06-30
201706,307519000,E,기타문어(산것/신선/ 냉장),수출,2643,31601,8006,107925,2017-06-30
201706,307521000,E,문어,수출,10751,47605,66481,347521,2017-06-30
201706,307522000,E,낙지,수출,656,4429,88628,316107,2017-06-30
201706,307523000,E,쭈꾸미,수출,96,672,1334,6859,2017-06-30
201706,307529000,E,기타,수출,2562,23958,2864,26164,2017-06-30
201706,307592000,E,문어(건조),수출,16861,139106,46274,401062,2017-06-30
201706,307593000,E,문어(훈제한 것),수출,0,0,1321,2310,2017-06-30
201706,307599000,E,문어(산것/ 신선/ 냉장/ 냉동/ 건조 이외 기타),수출,2370,13403,23105,101531,2017-06-30
201706,307609000,E,달팽이(기타),수출,0,0,90,701,2017-06-30
201706,307711090,E,백합 기타(산 것 신선 또는 냉장한 것),수출,90,680,1544,9129,2017-06-30
201706,307712090,E,피조개 기타(산 것  신선 또는 냉장한 것),수출,361222,946296,2161640,6316308,2017-06-30
201706,307713000,E,새조개(산 것/신선 또는 냉장한 것),수출,0,0,37490,582764,2017-06-30
201706,307714000,E,바지락(산 것 신선 또는 냉장한 것),수출,1993913,6107527,4119728,12273747,2017-06-30
201706,307719000,E,클램/ 새조개 및 피조개 기타(산 것 / 신선 또는 냉장한 것),수출,28085,301925,286103,2982320,2017-06-30
201706,307721000,E,새조개,수출,17187,689847,20999,897123,2017-06-30
201706,307723000,E,바지락,수출,178446,856847,611933,2978771,2017-06-30
201706,307724000,E,피조개,수출,3276,68449,7800,166794,2017-06-30
201706,307729000,E,기타,수출,7378,18914,10986,47094,2017-06-30
201706,307792010,E,개량조개(건조),수출,0,0,200,1018,2017-06-30
201706,307792020,E,바지락(건조),수출,0,0,200,933,2017-06-30
201706,307793010,E,개량조개(염장 또는 염수장한 것),수출,0,0,100,90,2017-06-30
201706,307793090,E,클램/ 새조개 및 피조개 기타(염장 또는 염수장한 것),수출,20876,61728,34431,108401,2017-06-30
201706,307810000,E,전복(산 것 신선 또는 냉장한 것),수출,127017,3542051,696636,21059964,2017-06-30
201706,307820000,E,살아있거나/ 신선하거나 냉장한 수정고둥류[스트롬버스(Strombus)종],수출,33583,66266,63503,125199,2017-06-30
201706,307830000,E,냉동한 전복[할리오티스(Haliotis)종],수출,22876,669060,34547,930366,2017-06-30
201706,307911000,E,소라(산 것 신선 또는 냉장한 것),수출,10913,34599,639193,2597056,2017-06-30
201706,307912090,E,진주조개(기타)(산 것 신선 또는 냉장한 것),수출,430,3759,2842,18526,2017-06-30
201706,307913000,E,개아지살(산 것 신선 또는 냉장한 것),수출,2720,62062,32406,752225,2017-06-30
201706,307919000,E,기타[분 조분 펠리트 포함(식용 적합)]의 기타(산/신선/냉장),수출,9066,75400,87267,775710,2017-06-30
201706,307921000,E,개아지살,수출,127452,1669942,182508,2477728,2017-06-30
201706,307922000,E,소라,수출,0,0,936,16400,2017-06-30
201706,307929000,E,기타,수출,139058,1403988,927929,6700598,2017-06-30
201706,307993100,E,소라(염장 또는 염수장한 것,수출,30,263,115,1156,2017-06-30
201706,307993900,E,기타[분 조분 펠리트 포함(식용에 적합)]의 기타(염장/염수장),수출,27000,41557,41349,97441,2017-06-30
201706,307994110,E,골뱅이 (훈제한 것)(밀폐용기에 넣은 것),수출,0,0,95,4239,2017-06-30
201706,307994900,E,기타[분 조분 펠리트를 포함(식용에 적합한)]의 기타(훈제한 것),수출,3321,51916,14063,112672,2017-06-30
201706,308110000,E,해삼(산 것 신선 또는 냉장한 것),수출,2738,44885,11489,194903,2017-06-30
201706,308120000,E,냉동한 것,수출,11412,109371,11437,111638,2017-06-30
201706,308192000,E,해삼(건조한 것),수출,4745,105800,8486,409659,2017-06-30
201706,308193000,E,해삼(염장 또는 염수장한 것),수출,3149,394305,12569,1451544,2017-06-30
201706,308210000,E,성게(산 것 신선 또는 냉장한 것),수출,1557,107631,3183,224369,2017-06-30
201706,308293000,E,성게(염장 또는 염수장한 것),수출,120,10648,18342,1231808,2017-06-30
201706,308302000,E,해파리(냉동한 것),수출,0,0,300,1950,2017-06-30
201706,308304000,E,해파리(염장 또는 염수장한 것),수출,1834,10467,29136,165502,2017-06-30
201706,308901019,E,우렁쉥이(기타)(산 것 신선 또는 냉장한 것),수출,3162,34897,18483,181585,2017-06-30
201706,308901090,E,수생무척추동물의 기타(산 것),수출,25,702,686,12494,2017-06-30
201706,308902010,E,우렁쉥이(냉동한 것),수출,2273,20383,7017,70876,2017-06-30
201706,308902090,E,수생무척추동물의 기타(냉동 한것),수출,1463,8438,6258,37986,2017-06-30
201706,308903090,E,수생무척추동물의 기타(건조한 것),수출,72,1588,524,8631,2017-06-30
201706,308904000,E,수생무척추동물의 기타(염장 또는 염수장한 것),수출,0,0,80,5476,2017-06-30
201706,508002010,E,진주패각,수출,0,0,6848,16218,2017-06-30
201706,508002020,E,청패각(전복),수출,8910,891,33110,9475,2017-06-30
201706,508002030,E,첩패각과 지첩패각,수출,0,0,5688,19660,2017-06-30
201706,508002090,E,기타패각,수출,76280,10916,90325,16947,2017-06-30
201706,508009000,E,연체동물/갑각류/극피동물,수출,95462,75253,580289,475407,2017-06-30
201706,511911010,E,부화용알(브라인슈림프알),수출,92,11667,433,38034,2017-06-30
201706,511912000,E,어류의웨이스트,수출,0,0,8226,5269,2017-06-30
201706,511919000,E,어류/갑각류/연체동물/수행동,수출,52601,221452,2504560,2788851,2017-06-30
201706,511996000,E,동물성의해면,수출,2,230,135,3045,2017-06-30
201706,1212211010,E,김(건조한 것)(식용의 것),수출,933809,24716156,5581901,130595770,2017-06-30
201706,1212211020,E,김(냉장한 것)(식용의 것),수출,144,2933,528,9320,2017-06-30
201706,1212211030,E,김(냉동한 것)(식용의 것),수출,15847,35112,45149,128488,2017-06-30
201706,1212211090,E,김(기타)(식용의 것),수출,4453,242349,10019,371145,2017-06-30
201706,1212212010,E,미역(건조한 것)(식용의 것),수출,162629,1807803,973382,10419561,2017-06-30
201706,1212212020,E,미역(염장한 것)(식용의 것),수출,93034,280860,9389396,6111732,2017-06-30
201706,1212212030,E,미역(냉장한 것)(식용의 것),수출,0,0,6183,12068,2017-06-30
201706,1212212040,E,미역(냉동한 것)(식용의 것),수출,19689,34414,2622668,3541104,2017-06-30
201706,1212212090,E,미역(기타)(식용의 것),수출,40,6034,1418,34656,2017-06-30
201706,1212213010,E,톳(건조한 것)(식용의 것),수출,94047,1339642,493983,8611828,2017-06-30
201706,1212213020,E,톳(냉장한 것)(식용의 것),수출,0,0,120,1560,2017-06-30
201706,1212213030,E,톳(냉동한 것)(식용의 것),수출,0,0,250,1925,2017-06-30
201706,1212213090,E,톳(기타)(식용의 것),수출,0,0,13766,55287,2017-06-30
201706,1212214010,E,파래(건조한 것)(식용의 것),수출,0,0,198,2008,2017-06-30
201706,1212214020,E,파래(냉장한 것)(식용의 것),수출,10,22,1734,3809,2017-06-30
201706,1212214030,E,냉동한 것,수출,30,153,1106,6781,2017-06-30
201706,1212214090,E,파래(기타)(식용의 것),수출,1609,16048,39340,894480,2017-06-30
201706,1212215010,E,다시마(염장한 것)(식용의 것),수출,45637,89497,270970,455901,2017-06-30
201706,1212215030,E,다시마(냉동한 것)(식용의 것),수출,1214,3198,10101,22271,2017-06-30
201706,1212215090,E,다시마(기타)(식용의 것),수출,18657,177332,166389,1377887,2017-06-30
201706,1212216090,E,우뭇가사리(기타)(식용의 것),수출,25630,298228,95830,955009,2017-06-30
201706,1212217029,E,기타,수출,0,0,306,13637,2017-06-30
201706,1212217039,E,불등가사리(기타)(식용의 것),수출,0,0,1267,38423,2017-06-30
201706,1212218019,E,도박(기타)(식용의 것),수출,0,0,2500,20220,2017-06-30
201706,1212218039,E,말(기타)(식용의 것),수출,0,0,15,74,2017-06-30
201706,1212219019,E,코토니 및 스피노잠(기타)(식용의 것),수출,0,0,6300,49300,2017-06-30
201706,1212219091,E,해초류와 기타조류 기타(냉동)(식용의 것),수출,0,0,10,162,2017-06-30
201706,1212219099,E,해초류와 기타조류 기타(기타)(식용의 것),수출,6815,169329,173843,1488928,2017-06-30
201706,1212291090,E,김(기타),수출,196,4510,221,4701,2017-06-30
201706,1212292090,E,미역(기타),수출,0,0,25385,201999,2017-06-30
201706,1212294090,E,파래(기타),수출,0,0,1145,9250,2017-06-30
201706,1212295090,E,다시마(기타),수출,568,6267,12174,120490,2017-06-30
201706,1212298039,E,말(기타),수출,0,0,500,5680,2017-06-30
201706,1212299091,E,해초류와 기타조류 기타(냉동,수출,0,0,4598,15659,2017-06-30
201706,1212299099,E,해초류와 기타조류 기타(기타),수출,2069,4720,35019,86624,2017-06-30
201706,1302311000,E,실한천,수출,10027,384111,51658,2084513,2017-06-30
201706,1302312000,E,분한천,수출,14340,289691,154474,3692687,2017-06-30
201706,1302319000,E,한천(실한천/분한천 이외 기타),수출,0,0,830,34178,2017-06-30
201706,1504109000,E,어류의간유/분획물(상어의간유,수출,15200,24626,543210,1151612,2017-06-30
201706,1504200000,E,어류의 지방과 기름 및 그 분획물[간유(肝油)는 제외한다],수출,31180,62094,198521,328035,2017-06-30
201706,1504309000,E,기타해서포유동물의 유지와 그,수출,0,0,10,204,2017-06-30
201706,1603003000,E,어류의액스,수출,23747,43006,140389,293373,2017-06-30
201706,1603004000,E,어류의즙,수출,40683,57570,201869,289844,2017-06-30
201706,1603009000,E,갑각류/연체동물/수생동물의,수출,105239,643593,348453,1889496,2017-06-30
201706,1604111000,E,연어(조제/밀폐용기에 넣은 것),수출,459,4460,3102,27428,2017-06-30
201706,1604119000,E,연어(조제/밀페용기에 넣은 것 이외 기타),수출,0,0,427,4531,2017-06-30
201706,1604129000,E,청어(통조림외조제품),수출,450,5580,2880,35749,2017-06-30
201706,1604131000,E,정어리(밀폐용기에넣은것),수출,0,0,40,881,2017-06-30
201706,1604139000,E,정어리(통조림외조제품),수출,504,293,504,293,2017-06-30
201706,1604141011,E,다랭이(기름담금),수출,103684,620477,619481,3662530,2017-06-30
201706,1604141012,E,다랭이(보일드),수출,6369,47242,16224,112067,2017-06-30
201706,1604141019,E,다랭이류(다랭이/ 가다랭이 이외 기타/조제/밀폐용기에 넣은 것),수출,22177,134279,185295,1009191,2017-06-30
201706,1604141021,E,다랭이류(조제/밀폐용기에 넣은 것 이외 기타),수출,1808,12769,1815,12800,2017-06-30
201706,1604141029,E,가다랭이(기타),수출,26524,154142,115506,709216,2017-06-30
201706,1604141031,E,버니토우(기름담근것(밀폐용기,수출,0,0,2808,19906,2017-06-30
201706,1604141039,E,버니토우(기타),수출,0,0,8205,44510,2017-06-30
201706,1604149000,E,다랭이류(조제/밀폐용기에 넣은 것 이외 기타),수출,12744,81900,52189,380522,2017-06-30
201706,1604151000,E,고등어(조제/밀폐용기에 넣은 것),수출,18936,54562,74100,233119,2017-06-30
201706,1604159000,E,고등어(조제/밀폐용기에 넣은 것 이외 기타),수출,2960,31950,6897,66916,2017-06-30
201706,1604161000,E,멸치(조제/밀폐용기에 넣은 것),수출,3010,60251,17159,345398,2017-06-30
201706,1604169000,E,전갱이(조제/밀폐용기에 넣은 것 이외 기타),수출,6734,111666,31121,364345,2017-06-30
201706,1604171000,E,뱀장어(조제 또는 저장처리)(밀폐용기에 넣은 것),수출,0,0,5,103,2017-06-30
201706,1604191010,E,꽁치(통조림외조제품),수출,48451,161833,208793,719380,2017-06-30
201706,1604191020,E,전갱이(밀폐용기에넣은것),수출,15444,9811,15444,9811,2017-06-30
201706,1604191090,E,어류조제품(연어/청어/정어리/고등어 등 밀폐용기에넣은것),수출,6349,61386,24340,142203,2017-06-30
201706,1604199010,E,쥐치포(조제/밀페용기 이외 기타),수출,3336,47595,13551,220980,2017-06-30
201706,1604199090,E,어류조제품(연어/청어/고등어/기타/조제/밀폐용기에 넣은 것),수출,15450,291192,122392,1577932,2017-06-30
201706,1604201000,E,생선페이스트,수출,1809,7567,9117,34442,2017-06-30
201706,1604203000,E,생선소시지,수출,275534,1647686,1413440,8545513,2017-06-30
201706,1604204010,E,생선묵(게맛),수출,416337,1558497,2144669,8187952,2017-06-30
201706,1604204090,E,생선묵(게맛의 것 이외 기타),수출,470588,1578498,2456388,8206209,2017-06-30
201706,1604209000,E,어류조제/저장제품(생선 페이스트/마리네이드/소시지/생선묵),수출,125600,1069609,633837,5644712,2017-06-30
201706,1604310000,E,캐비아,수출,0,0,77,45176,2017-06-30
201706,1604320000,E,캐비아 대용물,수출,23202,341516,154294,1964625,2017-06-30
201706,1605101010,E,게살(밀폐용기에넣은것),수출,300,3631,1193,22873,2017-06-30
201706,1605101091,E,붉은 대게살(밀폐용기에 넣은 것/ 훈제한 것 이외 기타),수출,409544,4949258,2637078,30165304,2017-06-30
201706,1605101099,E,기타 게살(밀폐용기에 넣은 것/ 훈제한 것 이외 기타),수출,20573,204273,82119,993770,2017-06-30
201706,1605109000,E,게 조제품(게살 이외 기타),수출,2128,38059,24078,340274,2017-06-30
201706,1605211000,E,새우류(조제 또는 저장처리)(밀폐용기에 넣지 아니한 것)(브레드한 것),수출,58,448,3011,24036,2017-06-30
201706,1605219000,E,새우류(조제 또는 저장처리)(밀폐용기에 넣지 아니한 것)(기타),수출,3657,35602,16897,166128,2017-06-30
201706,1605290000,E,새우류(조제 또는 저장처리),수출,7344,43718,25395,163957,2017-06-30
201706,1605401000,E,기타갑각류(밀폐용기에넣은것),수출,20,63,420,2573,2017-06-30
201706,1605409000,E,갑각류 조제품(게/새우/바다가재기타/밀폐용기에넣은것이외기타),수출,0,0,5260,31931,2017-06-30
201706,1605511000,E,굴(조제 또는 저장처리)(밀폐용기에 넣은 것),수출,179509,946737,875219,5492874,2017-06-30
201706,1605519000,E,굴(조제 또는 저장처리)(기타),수출,151240,1569196,514078,6313474,2017-06-30
201706,1605521000,E,가리비과의 조개(밀폐용기에넣은것),수출,20,145,40,176,2017-06-30
201706,1605529000,E,가리비과의 조개(조제 또는 저장처리)(기타),수출,123,1978,794,11830,2017-06-30
201706,1605531000,E,홍합(조제 또는 저장처리)(밀폐용기에 넣은 것),수출,9164,49863,71089,342521,2017-06-30
201706,1605539000,E,홍합(조제 또는 저장처리)(기타),수출,22746,71351,71033,227345,2017-06-30
201706,1605541010,E,갑오징어와 오징어(조제 또는 저장처리)(밀폐용기에 넣은 것),수출,0,0,60,1032,2017-06-30
201706,1605541090,E,갑오징어와 오징어(조제 또는 저장처리)(기타),수출,0,0,2921,26973,2017-06-30
201706,1605542010,E,오징어(조제 또는 저장처리)(밀폐용기에 넣은 것),수출,2471,36899,9064,106249,2017-06-30
201706,1605542091,E,조미오징어(조제 또는 저장처리)(밀폐용기에 넣은 것),수출,47283,629235,289620,4502366,2017-06-30
201706,1605542099,E,오징어 기타(조제 또는 저장처리),수출,16975,103936,80399,525328,2017-06-30
201706,1605551000,E,문어(조제 또는 저장처리)(밀폐용기에 넣은 것),수출,0,0,941,8155,2017-06-30
201706,1605559000,E,문어(조제 또는 저장처리)(기타),수출,3251,33240,14026,165429,2017-06-30
201706,1605561010,E,바지락(조제 또는 저장처리)(밀폐용기에 넣은 것),수출,1129,10339,18453,302704,2017-06-30
201706,1605561090,E,바지락(조제 또는 저장처리)(기타),수출,42,1400,9221,62538,2017-06-30
201706,1605562010,E,새조개(조제 또는 저장처리)(밀폐용기에 넣은 것),수출,57,341,293,3756,2017-06-30
201706,1605562090,E,새조개(조제 또는 저장처리)(기타),수출,18912,671319,129454,4740885,2017-06-30
201706,1605569010,E,클램/ 새조개 및 피조개 기타(조제 또는 저장처리)(밀폐용기에 넣은 것),수출,0,0,1041,12927,2017-06-30
201706,1605569090,E,클램/ 새조개 및 피조개 기타(조제 또는 저장처리)(기타),수출,0,0,251,9705,2017-06-30
201706,1605571000,E,전복(밀폐용기에넣은것),수출,940,37297,3102,108158,2017-06-30
201706,1605579000,E,전복(조제 또는 저장처리) 기타,수출,9256,284565,12613,371353,2017-06-30
201706,1605581000,E,달팽이(조제 또는 저장처리)(밀폐용기에 넣은 것),수출,0,0,828,10592,2017-06-30
201706,1605591010,E,골뱅이(조제 또는 저장처리)(밀폐용기에 넣은 것),수출,28991,305100,186032,2002678,2017-06-30
201706,1605591090,E,골뱅이(조제 또는 저장처리)(기타),수출,200,1364,2350,17203,2017-06-30
201706,1605592010,E,소라(밀폐용기에 넣은것),수출,67,685,761,8492,2017-06-30
201706,1605599010,E,연체동물 기타(조제 또는 저장처리)(밀폐용기에 넣은 것),수출,554,7944,2503,29159,2017-06-30
201706,1605599090,E,연체동물 기타(조제 또는 저장처리)(기타),수출,33527,257897,109662,939593,2017-06-30
201706,1605611000,E,해삼(조제 또는 저장처리)(밀폐용기에 넣은 것),수출,2670,235488,9420,884838,2017-06-30
201706,1605619000,E,해삼(조제 또는 저장처리)기타,수출,20186,3220844,41365,5971354,2017-06-30
201706,1605639000,E,해파리(조제 또는 저장처리)(기타),수출,0,0,80,125,2017-06-30
201706,1605691000,E,기타 수생무척추동물의 기타(밀폐용기에넣은걱),수출,25,1580,1054,6784,2017-06-30
201706,1605699000,E,기타 수생무척추동물의 기타(조제 또는 저장처리)(기타),수출,13490,43069,39611,185216,2017-06-30
201706,2104102000,E,어류의 수우프/ 브로드와 수우프 브로드 제조용 조제품,수출,63529,361811,305786,1753461,2017-06-30
201706,2106904010,E,김(조제한식용해초류),수출,1106168,26282410,6044834,138199431,2017-06-30
201706,2106904090,E,조제한식용해조류(김 이외 기타),수출,40122,422142,216788,1681531,2017-06-30
201706,2301201000,E,어류의 분.조분 및 펠리트,수출,0,0,180954,260351,2017-06-30
201706,2301209000,E,어류외기타 분.조분 및 펠리트,수출,1548000,1226812,10100040,8068066,2017-06-30
201706,2501001010,E,암염(岩鹽),수출,9620,6162,10274,8122,2017-06-30
201706,2501001020,E,천일염,수출,11856,11122,1069475,379923,2017-06-30
201706,2501009010,E,식염,수출,87054,130059,2247279,1077803,2017-06-30
201706,2501009020,E,순염화나트륨,수출,25812,23180,218964,181560,2017-06-30
201706,2501009090,E,기타소금/해수,수출,6006212,585318,23336767,2892262,2017-06-30
201706,4202211040,E,장어류의 가죽으로 만든 것,수출,0,0,103,16379,2017-06-30
201706,4202311040,E,장어류의 가죽으로 만든 것,수출,108,10897,158,19736,2017-06-30
201706,7101210000,E,양식진주(가공하지않은것),수출,0,0,1,2270,2017-06-30
201706,7101220000,E,양식진주(가공한것),수출,7,1783,41,25634,2017-06-30
201706,7116102000,E,양식진주로 만든 것   ,수출,2,2180,8,7071,2017-06-30
201706,9601901090,E,패각(기타),수출,16696,149861,34819,551176,2017-06-30
201706,9606291000,E,조개껍질로 만든것,수출,655,101405,5640,568092,2017-06-30
201706,106202000,I,자라(산동물),수입,7110,85613,36048,411847,2017-06-30
201706,106903010,I,갯지렁이,수입,49747,723738,204328,3023738,2017-06-30
201706,106903020,I,실지렁이,수입,0,0,322,3593,2017-06-30
201706,106903090,I,기타,수입,30,10241,132,44372,2017-06-30
201706,301111000,I,비단잉어(활어)(민물의 것),수입,10,74,66,8025,2017-06-30
201706,301119000,I,기타(활어)(비단잉어 외  민물의 것),수입,3850,399737,22995,2252029,2017-06-30
201706,301190000,I,기타(활어)(민물의 것),수입,3924,174616,21662,1024269,2017-06-30
201706,301911000,I,송어(살모 트루타/옹코링쿠스 미키스),수입,0,0,98,32962,2017-06-30
201706,301921000,I,실뱀장어(한마리당 0.3그램 이하인 것으로서 양식용으로 한정),수입,0,0,8122,78323965,2017-06-30
201706,301922000,I,새끼뱀장어(한 마리당0.3그램을 초과하고50그램이하인것으로양식용으로한정),수입,0,0,2676,161950,2017-06-30
201706,301929090,I,뱀장어(앵궐라종),수입,55225,738617,310004,3879949,2017-06-30
201706,301930000,I,잉어(활어),수입,121962,332429,1001316,2662214,2017-06-30
201706,301942000,I,태평양 참다랑어(활어)(터너스 오리엔탈리스),수입,0,0,1169,94739,2017-06-30
201706,301992000,I,방어(활어),수입,0,0,293891,2454307,2017-06-30
201706,301994090,I,돔(기타),수입,327213,3023736,1597126,14947534,2017-06-30
201706,301995000,I,붕장어(활어),수입,100,947,437,3695,2017-06-30
201706,301996000,I,갯장어(sharp toothed eel/활어),수입,0,0,438,5694,2017-06-30
201706,301997000,I,먹장어(활어),수입,137241,1170347,840924,7270278,2017-06-30
201706,301998000,I,넙치(활어),수입,0,0,226682,2510272,2017-06-30
201706,301999010,I,능성어(활어),수입,694,20788,694,20788,2017-06-30
201706,301999020,I,복어(활어),수입,13012,238591,113321,2065818,2017-06-30
201706,301999030,I,틸라피아(활어),수입,0,0,9,349,2017-06-30
201706,301999051,I,농어(양식용치어),수입,3844,227592,3844,227592,2017-06-30
201706,301999059,I,농어(기타),수입,367996,2948057,2069645,16245710,2017-06-30
201706,301999070,I,미꾸라지(활어),수입,766543,3871333,4156416,20645898,2017-06-30
201706,301999091,I,노래미(활어),수입,0,0,22713,227130,2017-06-30
201706,301999092,I,붕어(활어),수입,134613,542430,493792,1822059,2017-06-30
201706,301999095,I,민어(활어),수입,364928,2195978,1744044,10350173,2017-06-30
201706,301999099,I,기타어류(활어),수입,118018,1035216,859346,7787184,2017-06-30
201706,302111000,I,송어(살모 트루타/옹코링쿠스(미키스/클라키/아구아보니타/길래)),수입,0,0,5654,55295,2017-06-30
201706,302130000,I,태평양연어(옹코링쿠스-넬카/고르부스카/케타/차비차/키수츠/마소/로드루스),수입,1303,21606,8520,150343,2017-06-30
201706,302140000,I,대서양 연어(신선 또는 냉장)(살모 살라) 및 다뉴브 연어(후코 후코),수입,1342298,14396285,7673991,80158745,2017-06-30
201706,302210000,I,넙치(간장/ 어란제외/신선/ 냉장/피레트/ 어육제외),수입,38,716,38,716,2017-06-30
201706,302220000,I,가자미(간장/ 어란제외/신선/ 냉장/피레트/어육제외),수입,100,450,115,655,2017-06-30
201706,302290000,I,기타 넙치류(간장/ 어란제외/신선/ 냉장/피레트/ 어육제외),수입,222,1660,240,1837,2017-06-30
201706,302320000,I,황다랑어(터너스 알바카레스/신선/냉장),수입,0,0,395,3160,2017-06-30
201706,302330000,I,가다랑어 또는 줄무늬버니토우(신선/냉장),수입,0,0,49,1924,2017-06-30
201706,302340000,I,눈다랑어(터너스오베서스/신선/냉장),수입,0,0,384,5909,2017-06-30
201706,302351000,I,남방참다랑어(터너스 맥코이/신선/냉장),수입,1596,47378,10404,297928,2017-06-30
201706,302352000,I,태평양 참다랑어(신선 또는 냉장)(터너스 오리엔탈리스),수입,3824,84765,31442,677716,2017-06-30
201706,302360000,I,남방참다랑어(터너스 맥코이/신선/냉장),수입,2282,39616,6560,115783,2017-06-30
201706,302440000,I,고등어(신선 또는 냉장)(스콤버-스콤브루스/오스트랄시쿠스/자포니쿠스)),수입,0,0,91984,221629,2017-06-30
201706,302492000,I,병어[팜푸스(Pampus)종],수입,0,0,6725,109980,2017-06-30
201706,302510000,I,대구(신선 또는 냉장)(가두스 모르화/가두스 오각/가두스 마크로세팔루스),수입,27344,96270,605005,2072537,2017-06-30
201706,302520000,I,해덕(신선 또는 냉장)(멜라노그라무스 애그레피누스),수입,21,198,21,198,2017-06-30
201706,302530000,I,검정대구(신선 또는 냉장)(폴라치우스 비렌스),수입,21,186,21,186,2017-06-30
201706,302550000,I,명태(신선 또는 냉장)(테라그라 찰코그라마),수입,141489,380149,2163237,6454176,2017-06-30
201706,302720000,I,메기(신선 또는 냉장)(판가시우스종/실루러스종/클라리아스종/익타루러스종),수입,0,0,5,25,2017-06-30
201706,302740000,I,뱀장어(신선 또는 냉장)(앵귈라종),수입,0,0,3,103,2017-06-30
201706,302820000,I,가오리와 홍어(라지대과)(신선 또는 냉장),수입,103171,519895,914815,4724408,2017-06-30
201706,302840000,I,농어(냉동)(디센트라르쿠스종),수입,460,5677,3502,41814,2017-06-30
201706,302850000,I,돔(신선 또는 냉장)(스파리대과),수입,993,6330,51240,383389,2017-06-30
201706,302891000,I,방어(신선 또는 냉장),수입,105,2707,296,7811,2017-06-30
201706,302892000,I,갈치(신선 또는 냉장),수입,89662,1060804,608222,7333431,2017-06-30
201706,302896000,I,돔(신선 또는 냉장)(스파리대과를 제외한다),수입,57,4301,216,14210,2017-06-30
201706,302899040,I,아귀(신선 또는 냉장),수입,18,219,136478,318312,2017-06-30
201706,302899090,I,기타(신선 또는 냉장)(삼치/복어/병어/아귀 외 기타),수입,35512,107650,93630,329843,2017-06-30
201706,302912000,I,어란(魚卵)ㆍ어백(魚白),수입,14,1607,77,8137,2017-06-30
201706,303110000,I,소크아이 연어(홍연어/옹코링쿠스 넬카),수입,0,0,78502,542997,2017-06-30
201706,303120000,I,그 밖의 태평양 연어(옹코링쿠스 고르부스카/옹코링쿠스 케타/옹코링쿠스 차비차/옹코링쿠스 키수츠/옹코링쿠스 마소/옹코링쿠스 로두루스),수입,21539,156237,2347502,14900467,2017-06-30
201706,303130000,I,대서양연어(냉동)(살모 살라)와 다뉴브연어(후코 후코),수입,578737,4885385,3202282,27562100,2017-06-30
201706,303140000,I,송어(살모 트루타/옹코링쿠스-미키스/클라키/아구아보니타/길래/아파케/크리소가스터),수입,0,0,10463,93314,2017-06-30
201706,303230000,I,틸라피아(냉동)(오레오크로미스종),수입,29476,72102,304233,707029,2017-06-30
201706,303240000,I,메기(냉동)(판가시우스종/실루러스종/클라리아스종/익타루러스종),수입,61946,155781,322879,826265,2017-06-30
201706,303250000,I,잉어(사이프리너스 카르피오/카라시우스 카라시우스/크테노파린고돈 이델루스/하이포프탈미크티스종ㆍ시리누스종ㆍ마일로파린고돈 피세우스),수입,2000,5700,57845,120271,2017-06-30
201706,303260000,I,뱀장어(냉동)(앵귈라종),수입,0,0,42,444,2017-06-30
201706,303290000,I,연어(송어/ 대서양연어 등 이외 기타/냉동/피레트/ 어육제외),수입,0,0,8253,39220,2017-06-30
201706,303310000,I,넙치[레인하드티우스 히포글러소이데스/히포글러서스 히포글러서스/히포글러서스 스테노레피스),수입,13361,180745,181991,2586013,2017-06-30
201706,303320000,I,가자미(플루로넥테스 플라테사),수입,94482,187907,763650,1262043,2017-06-30
201706,303330000,I,서대(간장/ 어란제외/냉동/피레트/ 어육제외),수입,41485,76967,232723,915727,2017-06-30
201706,303390000,I,넙치류(간장/ 어란제외/냉동/피레트/ 어육제외),수입,2369063,6790925,14411533,33692348,2017-06-30
201706,303410000,I,날개다랑어 또는 긴지느러미다랑어(터너스알라룽가/냉동),수입,56482,179014,221107,677185,2017-06-30
201706,303420000,I,황다랑어(터너스 알바카레스/냉동),수입,288826,895188,1931898,6186524,2017-06-30
201706,303430000,I,가다랑어 또는 줄무늬버니토우(냉동),수입,28014,32866,104333,119655,2017-06-30
201706,303440000,I,눈다랑어(냉동),수입,367301,2805126,1704680,12672969,2017-06-30
201706,303451000,I,대서양 참다랑어(냉동)(터너스 티너스),수입,41645,498904,262563,3452179,2017-06-30
201706,303452000,I,태평양 참다랑어(냉동)(터너스 오리엔탈리스),수입,37380,392819,102557,1327767,2017-06-30
201706,303460000,I,남방참다랑어(터너스맥코이/냉동),수입,10212,68891,199478,1955413,2017-06-30
201706,303490000,I,기타(냉동),수입,4,327,4,327,2017-06-30
201706,303510000,I,청어(클루페아 하렌구스/클루페아 팔라시),수입,2099519,1349293,4802750,3308926,2017-06-30
201706,303530000,I,정어리(냉동)(사르디나 필차르두스/사르디노프스종),수입,817875,698833,5726233,4460040,2017-06-30
201706,303540000,I,고등어(스콤버 스콤브루스/스콤버 오스트랄라시쿠스/스콤버 자포니쿠스),수입,3205950,5741146,27942953,45603105,2017-06-30
201706,303550000,I,전갱이(냉동)(트라커러스종),수입,612550,1046598,3266973,4764182,2017-06-30
201706,303570000,I,황새치(자이피어스글래디어스),수입,1257434,6902518,4396610,23911163,2017-06-30
201706,303591000,I,삼치[스콤버로모러스(Scomberomorus)종],수입,18282,45091,18287,45112,2017-06-30
201706,303592000,I,꽁치[콜로라비스 사이라(Cololabis saira)],수입,705454,781769,13231383,15849509,2017-06-30
201706,303599000,I,기타,수입,139869,116825,799728,628460,2017-06-30
201706,303630000,I,대구(가두스 모르화/가두스 오각/가두스 마크로세팔루스),수입,1964350,6158813,11463556,35323906,2017-06-30
201706,303640000,I,민대구(메루키우스종/유르피키스종),수입,0,0,7,62,2017-06-30
201706,303650000,I,검정대구(냉동)(폴라치우스 비렌스),수입,0,0,10,130,2017-06-30
201706,303660000,I,민대구(냉동)(메루키우스종 등 2종),수입,25147,96938,73899,203477,2017-06-30
201706,303670000,I,명태(냉동)(테라그라 찰코그라마),수입,1515958,1901742,94666500,101717830,2017-06-30
201706,303680000,I,블루 화이팅스(마이크로메시스티우스 포우타소우/마이크로메시스티우스 오스트랄리스),수입,1076520,502503,3475593,1688107,2017-06-30
201706,303699000,I,기타(냉동)(새꼬리민태 외 기타),수입,0,0,11056,31061,2017-06-30
201706,303810000,I,곱상어와 기타 상어(냉동),수입,178683,638945,938464,2671014,2017-06-30
201706,303821000,I,가오리(냉동),수입,827830,2390695,4765972,13827203,2017-06-30
201706,303822000,I,홍어(냉동),수입,501703,1738111,3097505,11023007,2017-06-30
201706,303830000,I,이빨고기(냉동)(디소스티쿠스종),수입,4500,23624,391579,4184642,2017-06-30
201706,303891000,I,은대구(냉동),수입,4717,98375,29931,631805,2017-06-30
201706,303892000,I,갈치(냉동),수입,1520795,6614249,9918722,48382752,2017-06-30
201706,303893010,I,옥돔(냉동)(브랜치오스테거스 자포니커스),수입,0,0,250130,1098875,2017-06-30
201706,303893090,I,돔(냉동)(기타),수입,397974,1498903,1526682,5735238,2017-06-30
201706,303895000,I,조기(냉동),수입,1137264,5105271,8832293,45012681,2017-06-30
201706,303896000,I,꽁치(냉동)(학꽁치를 포함한다),수입,0,0,1403842,1728927,2017-06-30
201706,303898000,I,복어(냉동),수입,383185,837596,3592291,7419856,2017-06-30
201706,303899010,I,보리멸(냉동),수입,0,0,257,5170,2017-06-30
201706,303899030,I,달고기(냉동),수입,0,0,11,45,2017-06-30
201706,303899040,I,임연수어(냉동),수입,970951,3008765,4236354,11733806,2017-06-30
201706,303899050,I,볼낙(냉동)(적어를 포함한다),수입,946198,1697029,4876654,9093829,2017-06-30
201706,303899060,I,아귀(냉동),수입,1364947,3201909,16194432,36180851,2017-06-30
201706,303899070,I,먹장어(냉동)(대서양 또는 태평양),수입,102956,378033,1388818,4238931,2017-06-30
201706,303899080,I,밀크피쉬(냉동),수입,148836,208360,405271,580501,2017-06-30
201706,303899091,I,민어(냉동),수입,1726461,6386270,12308246,44510517,2017-06-30
201706,303899092,I,까나리(냉동),수입,4499590,2503460,17973707,9675788,2017-06-30
201706,303899099,I,기타어류(냉동),수입,3391948,3069284,17147775,15668428,2017-06-30
201706,303902010,I,명란(냉동),수입,0,0,362947,1928433,2017-06-30
201706,303911000,I,간,수입,23142,27797,37365,43224,2017-06-30
201706,303912010,I,명란,수입,2397311,12996729,9170359,45912488,2017-06-30
201706,303912090,I,기타,수입,1337578,3339062,10013556,26598559,2017-06-30
201706,303990000,I,기타,수입,126106,612545,633586,2305612,2017-06-30
201706,304410000,I,태평양 연어(옹코링쿠스- 넬카/고르부스카/케타/차비차/키수츠/마소//로두루스/ 대서양 연어(살모 살라/다뉴브 연어),수입,195091,3229746,1495086,24012092,2017-06-30
201706,304420000,I,송어(살모 트루타/옹코링쿠스-미키스/ 클라키/아구아보니타/길래/아파케/ 크리소가스터),수입,4229,64193,39345,592017,2017-06-30
201706,304470000,I,곱상어와 그 밖의 상어,수입,0,0,20,134,2017-06-30
201706,304492000,I,참다랑어(신선 또는 냉장한 피레트),수입,0,0,41,2118,2017-06-30
201706,304499000,I,기타(신선 또는 냉장한 피레트),수입,28,861,553,14172,2017-06-30
201706,304529000,I,연어류 기타(기타/신선 또는 냉장한 것),수입,0,0,8,34,2017-06-30
201706,304593090,I,참다랑어 기타(기타/신선 또는 냉장한 것),수입,40,1443,100,3634,2017-06-30
201706,304599090,I,기타(연육 외 기타)(기타/신선 또는 냉장한 것),수입,1310,12314,1320,12431,2017-06-30
201706,304610000,I,틸라피아(냉동한 피레트)(오레오크로미스종),수입,47238,394237,290829,2413947,2017-06-30
201706,304620000,I,메기(냉동한 피레트)(판가시우스종/실루러스종/클라리아스종/익타루러스종),수입,43715,197878,522615,1963566,2017-06-30
201706,304690000,I,틸라피아/메기/잉어/뱀장어/나일퍼치 종의 기타(냉동한 피레트),수입,35560,316480,77580,1012529,2017-06-30
201706,304710000,I,대구(가두스 모르화/가두스 오각/가두스 마크로세팔루스),수입,54071,344981,359331,1961359,2017-06-30
201706,304740000,I,민대구(냉동한 피레트)(메루키우스종ㆍ유르피키스종),수입,0,0,11,39,2017-06-30
201706,304750000,I,명태(냉동한 피레트)(테라그라 찰코그라마),수입,998001,2423353,8654367,22422423,2017-06-30
201706,304790000,I,브레그마세로티대과외6종무리에놀레피디대과어류의(냉동한피레트) ,수입,48780,140340,286455,884336,2017-06-30
201706,304810000,I,태평양 연어(옹코링쿠스 -넬카/고르부스카/케타/차비차/키수츠/마소/로두루스)/ 대서양 연어(살모 살라)/다뉴브 연어(후코 후코)),수입,23284,211160,175601,1952497,2017-06-30
201706,304820000,I,송어(살모 트루타/옹코링쿠스-미키스/클라키/아구아보니타/길래/아파케/크리소가스터),수입,7278,167088,24309,528902,2017-06-30
201706,304831000,I,가자미(냉동한 피레트),수입,201506,824454,672796,2935503,2017-06-30
201706,304839000,I,넙치류 기타(냉동한 피레트),수입,0,0,48380,153839,2017-06-30
201706,304840000,I,황새치(냉동한 피레트)(자이피어스 글래디어스),수입,33523,374858,166104,1866812,2017-06-30
201706,304850000,I,이빨고기(냉동한 피레트)(디소스티쿠스종),수입,0,0,1014,9127,2017-06-30
201706,304860000,I,청어(냉동한 피레트)(클루페아 하렌구스 /클루페아팔라시),수입,0,0,23008,76146,2017-06-30
201706,304871000,I,참다랑어(냉동한 피레트),수입,228007,6446500,1533205,40803428,2017-06-30
201706,304879000,I,다랑어 기타(냉동한 피레트),수입,118089,1348681,650894,7543996,2017-06-30
201706,304881000,I,곱상어/ 그 밖의 상어,수입,0,0,1518,8637,2017-06-30
201706,304891000,I,붕장어의 것(냉동한 피레트),수입,162320,987321,1272826,6708533,2017-06-30
201706,304894000,I,쥐치의 것(냉동한 피레트),수입,24000,300440,151200,1174200,2017-06-30
201706,304899000,I,기타어류의 기타(냉동한 피레트),수입,450849,1828791,1814604,9065470,2017-06-30
201706,304919000,I,황새치(기타/냉동),수입,1,9,8528,154677,2017-06-30
201706,304929000,I,이빨고기(기타/냉동),수입,7030,35916,70946,416702,2017-06-30
201706,304939000,I,틸라피아/메기/잉어/뱀장어/나일퍼치 종의 냉동연육외 기타,수입,0,0,5400,42032,2017-06-30
201706,304941000,I,명태 냉동연육,수입,2433064,6788002,13754016,36006770,2017-06-30
201706,304951000,I,브레그마세로티대과외6종무리에놀레피디대과어류(냉동연옥),수입,0,0,10,34,2017-06-30
201706,304959000,I,브레그마세로티대과외6종무리에놀레피디대과어류(냉동연옥) 기타 ,수입,0,0,32,305,2017-06-30
201706,304991000,I,기타 냉동연육,수입,5590000,9587771,51994071,79749947,2017-06-30
201706,304999000,I,기타 냉동연육 외 기타,수입,164260,422689,887819,2113638,2017-06-30
201706,305100000,I,어류의 고운 가루ㆍ거친 가루와 펠릿(pellet)(식용에 적합한 것으로 한정한다),수입,0,0,322,5393,2017-06-30
201706,305202000,I,어란(건조),수입,0,0,100,10756,2017-06-30
201706,305204010,I,어란(명태/염장/염수장),수입,0,0,313,12913,2017-06-30
201706,305204030,I,어란(청어/염장/염수장),수입,0,0,100,8272,2017-06-30
201706,305204090,I,어란(명태/ 조기/ 청어이외 기타/염장/ 염수장),수입,0,0,6,89,2017-06-30
201706,305311000,I,틸라피아/메기/잉어/뱀장어/나일퍼치 종의 건조한 것,수입,6600,50052,83400,632856,2017-06-30
201706,305321000,I,브레그마세로티대과외6종무리에놀레피디대과어류 건조한것 ,수입,33310,354060,113875,1182296,2017-06-30
201706,305391000,I,기타어류의 피레트(건조한것),수입,1,32,4808,46059,2017-06-30
201706,305392000,I,기타어류의 피레트(염장 또는 염수장한 것),수입,0,0,5,147,2017-06-30
201706,305410000,I,태평양 연어(옹코링쿠스- 넬카/고르부스카/케타/차비차/키수츠/마소/로두루스)/ 대서양 연어(살모 살라)/ 다뉴브 연어(후코 후코)),수입,472,14978,19708,587218,2017-06-30
201706,305491000,I,멸치(훈제/피레트포함),수입,0,0,3,53,2017-06-30
201706,305492000,I,명태(훈제/피레트포함),수입,0,0,1,52,2017-06-30
201706,305499000,I,어류(연어/ 청어/ 멸치/ 명태이외 기타/훈제/피레트 포함),수입,73373,745188,537087,5372647,2017-06-30
201706,305510000,I,대구(건조/염장불문/훈제제외),수입,29370,229585,118172,945329,2017-06-30
201706,305520000,I,틸라피아[오레오크로미스(Oreochromis)종]/ 메기[판가시우스(Pangasius)종ㆍ실루러스(Silurus)종ㆍ클라리아스(Clarias)종ㆍ익타루러스(Ictalurus)종]/ 잉어[사이,수입,280,1225,280,1225,2017-06-30
201706,305530000,I,대구[가두스 모르화(Gadus morhua)ㆍ가두스 오각(Gadus ogac)ㆍ가두스 마크로세팔루스(Gadus macrocephalus)] 이외의 브레그마세로티대(Bregmacerotidae)과ㆍ유,수입,4800,38720,4802,38735,2017-06-30
201706,305541000,I,멸치[엔그라울리스(Engraulis)종],수입,9900,51902,200608,767003,2017-06-30
201706,305549000,I,기타,수입,0,0,8652,33040,2017-06-30
201706,305592000,I,멸치(건조/염장불문/훈제제외),수입,0,0,13000,64135,2017-06-30
201706,305593000,I,명태(건조/염장불문/훈제제외),수입,837777,8008051,3592932,35211176,2017-06-30
201706,305594000,I,조기(건조/염장불문/훈제제외),수입,0,0,2,13,2017-06-30
201706,305596000,I,갯장어(건조/염장불문/훈제제외),수입,0,0,2,17,2017-06-30
201706,305599000,I,어류(대구/상어지느러미/멸치/명태/조기등외기타건조/훈제제외),수입,191519,659543,980171,3838051,2017-06-30
201706,305631000,I,멸치젓(염장/염수장),수입,80,1177,187,2783,2017-06-30
201706,305639000,I,멸치(멸치젓 이외 기타/염장/ 염수장),수입,0,0,202,2295,2017-06-30
201706,305691000,I,연어(염장/ 염수장),수입,3,11,353,6168,2017-06-30
201706,305692000,I,송어(염장/염수장),수입,0,0,725,17729,2017-06-30
201706,305694000,I,정어리(염장/염수장),수입,0,0,630,1460,2017-06-30
201706,305697000,I,전갱이(염장/염수장),수입,0,0,1,53,2017-06-30
201706,305699000,I,어류(청어/대구/연어/송어/갈치/정어리/고등어 등 이외),수입,35714,28847,132392,95186,2017-06-30
201706,305712000,I,상어 지느러미(건조한 것),수입,0,0,1,14,2017-06-30
201706,305721000,I,대구(가두스 모르화/가두스 오각/가두스 마크로세팔루스)의 것 (어류의 머리 꼬리 위),수입,0,0,200,11000,2017-06-30
201706,305729000,I,대구의 것 외 기타(어류의 머리 꼬리 위),수입,0,0,161920,394505,2017-06-30
201706,305790000,I,기타 어류의 머리 꼬리,수입,3,57,14,313,2017-06-30
201706,306119000,I,닭새우류(팔리누루스종 파누리루스종 자수스종)(냉동한것)(기타),수입,3905,105775,15139,385139,2017-06-30
201706,306129000,I,바닷가재(호마루스종)(냉동한 것) 훈제한 것(기타),수입,20108,347229,310899,7246193,2017-06-30
201706,306141011,I,게살(냉동한 것) 훈제한 것(밀폐용기에 넣은 것),수입,0,0,5,102,2017-06-30
201706,306141090,I,게살(냉동한 것) 훈제한 것(기타),수입,10,122,14,185,2017-06-30
201706,306142090,I,왕게(냉동한 것) 기타,수입,19005,327038,37788,719293,2017-06-30
201706,306143090,I,꽃게(냉동한 것) 기타,수입,744842,2234463,6826356,21138131,2017-06-30
201706,306149090,I,갑각류 기타(냉동한 것)(훈제한것 외 기타),수입,841737,6670896,5451341,32199923,2017-06-30
201706,306159000,I,노르웨이 바닷가재(네프로프스 노르베지쿠스)(냉동한 것)(기타),수입,0,0,450,8499,2017-06-30
201706,306161090,I,냉수성 새우류(판달러스종/크란곤 크란곤)의 새우살(냉동한 것)(훈제한 것 외 기타),수입,0,0,15893,217435,2017-06-30
201706,306169090,I,냉수성 새우류(판달러스종/크란곤 크란곤)기타(냉동한 것)(훈제한 것),수입,137983,978945,477164,2961590,2017-06-30
201706,306171090,I,기타의 새우류의 새우살(냉동한 것)(훈제한 것 외 기타),수입,2416536,21552602,11719241,104144172,2017-06-30
201706,306179090,I,기타의 새우류의 기타(냉동한 것)(훈제한 것 외 기타),수입,1717309,14232783,9891326,77291868,2017-06-30
201706,306199000,I,기타[분ㆍ조분 및 펠리트를 포함(식용에 적합)](냉동한 것)(훈제한 것 외 기타),수입,7779,49433,24142,156305,2017-06-30
201706,306272000,I,기타의새우류(건조한것),수입,0,0,10000,86506,2017-06-30
201706,306273000,I,기타의 새우류(염장 또는 염수장한 것),수입,0,0,360450,309127,2017-06-30
201706,306310000,I,닭새우류[팔리누루스(Palinurus)종ㆍ파누리루스(Panulirus)종ㆍ자수스(Jasus)종],수입,32,566,192,1969,2017-06-30
201706,306320000,I,바닷가재[호마루스(Homarus)종],수입,261694,5257623,1767236,40697764,2017-06-30
201706,306331000,I,꽃게,수입,300,2604,400,3444,2017-06-30
201706,306332000,I,대게,수입,547911,7619265,3503993,59230847,2017-06-30
201706,306339000,I,게(기타),수입,311736,8267518,4502734,69450951,2017-06-30
201706,306350000,I,냉수성(冷水性) 새우류[판달러스(Pandalus)종ㆍ크란곤 크란곤(Crangon crangon)],수입,0,0,111,2553,2017-06-30
201706,306360000,I,그 밖의 새우류,수입,48820,538468,293833,3656854,2017-06-30
201706,306390000,I,기타[식용에 적합한 것으로서 고운 가루ㆍ거친 가루와 펠릿(pellet)을 포함한다],수입,28,7848,141,61016,2017-06-30
201706,306933000,I,염장이나 염수장한 것,수입,0,0,2,16,2017-06-30
201706,306951020,I,건조한 것,수입,18791,119878,87053,597204,2017-06-30
201706,306959020,I,건조한 것,수입,119682,693596,915988,5380819,2017-06-30
201706,306959030,I,염장이나 염수장한 것,수입,384332,344107,3474353,3030155,2017-06-30
201706,306959040,I,훈제한 것,수입,0,0,0,40,2017-06-30
201706,306992000,I,건조한 것,수입,0,0,540,1603,2017-06-30
201706,306993000,I,염장이나 염수장한 것,수입,2304,10032,18547,74821,2017-06-30
201706,307119000,I,굴치패 기타(산 것 신선 또는 냉장한 것),수입,0,0,40,720,2017-06-30
201706,307193000,I,기타 굴(염장 또는 염수장,수입,0,0,60720,134804,2017-06-30
201706,307194000,I,기타 굴(훈제한 것),수입,1,63,1,156,2017-06-30
201706,307210000,I,가리비과의 조개(산것/신선/ 냉장),수입,522075,2799250,2300181,12644378,2017-06-30
201706,307220000,I,냉동한 것,수입,200151,851183,592457,3145184,2017-06-30
201706,307292000,I,가리비과의조개(건조),수입,4,13,5,59,2017-06-30
201706,307310000,I,홍합(산것/신선/냉장),수입,20,631,31059,86812,2017-06-30
201706,307320000,I,냉동한 것,수입,24,162,44,392,2017-06-30
201706,307392000,I,홍합(건조),수입,0,0,1340,51452,2017-06-30
201706,307399000,I,홍합(산 것/ 신선/ 냉장/ 냉동/ 건조 이외 기타),수입,0,0,752,33228,2017-06-30
201706,307421010,I,세피아 오피시날리스(Sepia officinalis)ㆍ로시아 마크로소마(Rossia macrosoma)ㆍ세피올라(Sepiola)종,수입,14,52,14,52,2017-06-30
201706,307421090,I,기타,수입,3,21,3,21,2017-06-30
201706,307422010,I,옴마스트레페스(Ommastrephes)종ㆍ로리고(Loligo)종ㆍ노토토다루스(Nototodarus)종ㆍ세피오투디스(Sepioteuthis)종,수입,0,0,308,2218,2017-06-30
201706,307422090,I,기타,수입,0,0,48001,66754,2017-06-30
201706,307431010,I,세피아 오피시날리스(Sepia officinalis)ㆍ로시아 마크로소마(Rossia macrosoma)ㆍ세피올라(Sepiola)종,수입,19193,105811,57810,315621,2017-06-30
201706,307431090,I,기타,수입,361660,2311306,2059472,13624793,2017-06-30
201706,307432010,I,옴마스트레페스(Ommastrephes)종ㆍ로리고(Loligo)종ㆍ노토토다루스(Nototodarus)종ㆍ세피오투디스(Sepioteuthis)종,수입,6061221,11733502,23866850,41730656,2017-06-30
201706,307432090,I,기타,수입,3113216,7646676,15458413,33272847,2017-06-30
201706,307491020,I,오징어(냉동),수입,0,0,259122,631942,2017-06-30
201706,307492010,I,갑오징어[세피아 오피시날리스(Sepia officinalis)ㆍ로시아 마크로소마(Rossia macrosoma)ㆍ세피올라(Sepiola)종]와 오징어[옴마스트레페스(Ommastrephes)종ㆍ로,수입,24000,35850,33600,60916,2017-06-30
201706,307492090,I,기타,수입,22000,49720,22005,49725,2017-06-30
201706,307493010,I,갑오징어[세피아 오피시날리스(Sepia officinalis)ㆍ로시아 마크로소마(Rossia macrosoma)ㆍ세피올라(Sepiola)종]와 오징어[옴마스트레페스(Ommastrephes)종ㆍ로,수입,87190,2407420,453430,12906002,2017-06-30
201706,307493090,I,기타,수입,2,102,272,8191,2017-06-30
201706,307511000,I,낙지(산것/신선/ 냉장),수입,694778,8378962,3249542,44449551,2017-06-30
201706,307512000,I,주꾸미(산것/신선/ 냉장),수입,100093,613970,2276593,11632714,2017-06-30
201706,307519000,I,기타문어(산것/신선/ 냉장),수입,0,0,2450,19421,2017-06-30
201706,307521000,I,문어,수입,276308,1801474,2424608,16792968,2017-06-30
201706,307522000,I,낙지,수입,2944367,14035258,11917982,58542989,2017-06-30
201706,307523000,I,쭈꾸미,수입,2407281,12953895,13038439,64357959,2017-06-30
201706,307529000,I,기타,수입,0,0,8222,45650,2017-06-30
201706,307591010,I,문어(냉동),수입,0,0,32969,150137,2017-06-30
201706,307591020,I,낙지(냉동),수입,0,0,127665,583138,2017-06-30
201706,307591030,I,쭈꾸미(냉동),수입,0,0,52132,196498,2017-06-30
201706,307592000,I,문어(건조),수입,6840,34264,6843,34306,2017-06-30
201706,307599000,I,문어(산것/ 신선/ 냉장/ 냉동/ 건조 이외 기타),수입,54156,219984,299307,1307458,2017-06-30
201706,307711090,I,백합 기타(산 것 신선 또는 냉장한 것),수입,605990,675643,4919384,5060042,2017-06-30
201706,307712010,I,피조개 종패용(산 것  신선 또는 냉장한 것),수입,0,0,45688,25051,2017-06-30
201706,307712090,I,피조개 기타(산 것  신선 또는 냉장한 것),수입,0,0,70460,99978,2017-06-30
201706,307713000,I,새조개(산 것/신선 또는 냉장한 것),수입,0,0,200,1800,2017-06-30
201706,307714000,I,바지락(산 것 신선 또는 냉장한 것),수입,1889740,1684024,15940820,16294550,2017-06-30
201706,307715000,I,개조개,수입,9994,16007,9994,16007,2017-06-30
201706,307719000,I,클램/ 새조개 및 피조개 기타(산 것 / 신선 또는 냉장한 것),수입,544948,799380,5133850,7256247,2017-06-30
201706,307721000,I,새조개,수입,1080,7246,13045,72558,2017-06-30
201706,307723000,I,바지락,수입,98962,138913,953005,1583343,2017-06-30
201706,307724000,I,피조개,수입,3497,19313,37191,303927,2017-06-30
201706,307725000,I,개조개,수입,98936,202419,336854,585936,2017-06-30
201706,307729000,I,기타,수입,130335,302022,598684,1640166,2017-06-30
201706,307791030,I,바지락(냉동),수입,0,0,16020,21942,2017-06-30
201706,307791040,I,피조개(냉동),수입,0,0,630,10733,2017-06-30
201706,307791090,I,클램/ 새조개 및 피조개 기타(냉동),수입,0,0,28579,168305,2017-06-30
201706,307792090,I,클램/ 새조개 및 피조개 기타(건조),수입,0,0,1,14,2017-06-30
201706,307793020,I,바지락(염장 또는 염수장한 것),수입,62000,153063,329423,823716,2017-06-30
201706,307810000,I,전복(산 것 신선 또는 냉장한 것),수입,0,0,196,15139,2017-06-30
201706,307913000,I,개아지살(산 것 신선 또는 냉장한 것),수입,123,10912,290,25575,2017-06-30
201706,307914000,I,재첩(산 것 신선 또는 냉장한 것),수입,380250,151095,2226000,901469,2017-06-30
201706,307919000,I,기타[분 조분 펠리트 포함(식용 적합)]의 기타(산/신선/냉장),수입,41225,123181,593650,1461933,2017-06-30
201706,307921000,I,개아지살,수입,186254,2515618,773418,10375939,2017-06-30
201706,307922000,I,소라,수입,0,0,55,140,2017-06-30
201706,307929000,I,기타,수입,28888,211234,390710,2208938,2017-06-30
201706,307991100,I,개아지살 (냉동),수입,0,0,21470,390537,2017-06-30
201706,307991900,I,기타[분 조분 펠리트를 포함(식용에 적합)]의 기타(냉동),수입,0,0,135384,344762,2017-06-30
201706,307992100,I,개아지살(건조),수입,8000,226852,18000,336852,2017-06-30
201706,307992900,I,기타[분 조분 펠리트를 포함(식용에 적합한)]의 기타(건조),수입,10,288,640,24046,2017-06-30
201706,307994110,I,골뱅이 (훈제한 것)(밀폐용기에 넣은 것),수입,2,44,2,44,2017-06-30
201706,307994900,I,기타[분 조분 펠리트를 포함(식용에 적합한)]의 기타(훈제한 것),수입,0,0,41,1329,2017-06-30
201706,308110000,I,해삼(산 것 신선 또는 냉장한 것),수입,617,16417,15505,125589,2017-06-30
201706,308120000,I,냉동한 것,수입,167596,319617,431560,844685,2017-06-30
201706,308191000,I,해삼(냉동한 것),수입,0,0,21120,38016,2017-06-30
201706,308192000,I,해삼(건조한 것),수입,0,0,24,1821,2017-06-30
201706,308210000,I,성게(산 것 신선 또는 냉장한 것),수입,1145,79495,11203,993204,2017-06-30
201706,308220000,I,냉동한 것,수입,47,3240,7527,239201,2017-06-30
201706,308301000,I,해파리(산 것 신선 또는 냉장한 것),수입,3,428,173,13206,2017-06-30
201706,308304000,I,해파리(염장 또는 염수장한 것),수입,528400,1291853,2489151,6259372,2017-06-30
201706,308901019,I,우렁쉥이(기타)(산 것 신선 또는 냉장한 것),수입,8840,20133,1191497,2481028,2017-06-30
201706,308901090,I,수생무척추동물의 기타(산 것),수입,31981,426068,213471,3036735,2017-06-30
201706,308902090,I,수생무척추동물의 기타(냉동 한것),수입,0,0,14000,21000,2017-06-30
201706,508001000,I,산호(coral),수입,1000,6593,62114,91508,2017-06-30
201706,508002010,I,진주패각,수입,0,0,26234,286504,2017-06-30
201706,508002020,I,청패각(전복),수입,0,0,3303,5890,2017-06-30
201706,508002030,I,첩패각과 지첩패각,수입,61800,48591,1130657,541478,2017-06-30
201706,508002040,I,야광패각(소라),수입,20700,37665,124984,229087,2017-06-30
201706,508002090,I,기타패각,수입,1133464,176266,4830030,697740,2017-06-30
201706,508009000,I,연체동물/갑각류/극피동물,수입,19821,16592,99590,59585,2017-06-30
201706,511911010,I,부화용알(브라인슈림프알),수입,4486,414011,24071,2084405,2017-06-30
201706,511911090,I,부화용알(브라인슈림프 알 이,수입,0,0,150,84074,2017-06-30
201706,511912000,I,어류의웨이스트,수입,56302,76846,177003,254737,2017-06-30
201706,511919000,I,어류/갑각류/연체동물/수행동,수입,21831,52055,284040,489828,2017-06-30
201706,511996000,I,동물성의해면,수입,227,32659,616,273551,2017-06-30
201706,1212211010,I,김(건조한 것)(식용의 것),수입,12966,242239,16522,340940,2017-06-30
201706,1212211090,I,김(기타)(식용의 것),수입,50,6023,143,12582,2017-06-30
201706,1212212010,I,미역(건조한 것)(식용의 것),수입,13800,94286,143094,1104610,2017-06-30
201706,1212212020,I,미역(염장한 것)(식용의 것),수입,235753,241707,2421980,2271577,2017-06-30
201706,1212212040,I,미역(냉동한 것)(식용의 것),수입,0,0,14022,21772,2017-06-30
201706,1212212090,I,미역(기타)(식용의 것),수입,20000,44949,38008,80054,2017-06-30
201706,1212213010,I,톳(건조한 것)(식용의 것),수입,2,9,119792,77630,2017-06-30
201706,1212213090,I,톳(기타)(식용의 것),수입,0,0,3,1264,2017-06-30
201706,1212214090,I,파래(기타)(식용의 것),수입,0,0,4000,8942,2017-06-30
201706,1212215010,I,다시마(염장한 것)(식용의 것),수입,3810,4091,3812,4182,2017-06-30
201706,1212215090,I,다시마(기타)(식용의 것),수입,25000,46300,79926,151999,2017-06-30
201706,1212216090,I,우뭇가사리(기타)(식용의 것),수입,37620,195639,289573,1447006,2017-06-30
201706,1212217019,I,기타,수입,40001,94822,310007,745249,2017-06-30
201706,1212218029,I,진두발(기타)(식용의 것),수입,0,0,100,8164,2017-06-30
201706,1212218031,I,말(냉동)(식용의 것),수입,180,1544,720,6019,2017-06-30
201706,1212218039,I,말(기타)(식용의 것),수입,0,1,3990,5946,2017-06-30
201706,1212219019,I,코토니 및 스피노잠(기타)(식용의 것),수입,485390,420318,1834459,1593423,2017-06-30
201706,1212219091,I,해초류와 기타조류 기타(냉동)(식용의 것),수입,0,0,15,194,2017-06-30
201706,1212219099,I,해초류와 기타조류 기타(기타)(식용의 것),수입,399278,434889,1834329,2154583,2017-06-30
201706,1212291090,I,김(기타),수입,0,23,4,160,2017-06-30
201706,1212292090,I,미역(기타),수입,123251,236675,281213,586463,2017-06-30
201706,1212294090,I,파래(기타),수입,10000,13955,58340,57730,2017-06-30
201706,1212295090,I,다시마(기타),수입,7800,14755,46932,70408,2017-06-30
201706,1212296090,I,우뭇가사리(기타),수입,0,0,20000,21202,2017-06-30
201706,1212298039,I,말(기타),수입,0,0,0,312,2017-06-30
201706,1212299019,I,코토니 및 스피노잠(기타),수입,45920,199830,156515,667391,2017-06-30
201706,1212299099,I,해초류와 기타조류 기타(기타),수입,9993,10427,47403,45917,2017-06-30
201706,1302311000,I,실한천,수입,2880,40896,12281,192996,2017-06-30
201706,1302312000,I,분한천,수입,13016,242162,111045,1721642,2017-06-30
201706,1302319000,I,한천(실한천/분한천 이외 기타),수입,67,4315,477,19666,2017-06-30
201706,1504101000,I,상어의 간유(肝油)와 그 분획물,수입,380,5415,12514,262561,2017-06-30
201706,1504109000,I,어류의간유/분획물(상어의간유,수입,310,21129,62402,146209,2017-06-30
201706,1504200000,I,어류의 지방과 기름 및 그 분획물[간유(肝油)는 제외한다],수입,903961,1138485,3404340,5087133,2017-06-30
201706,1504301000,I,고래기름과 그 분획물,수입,0,0,0,15,2017-06-30
201706,1504309000,I,기타해서포유동물의 유지와 그,수입,60,3012,590,14372,2017-06-30
201706,1521901000,I,경납(동물성 납),수입,41,379,62,585,2017-06-30
201706,1603003000,I,어류의액스,수입,261604,243344,1148941,1041343,2017-06-30
201706,1603004000,I,어류의즙,수입,40491,34452,1893385,1068321,2017-06-30
201706,1603009000,I,갑각류/연체동물/수생동물의,수입,11205,42710,260239,597576,2017-06-30
201706,1604111000,I,연어(조제/밀폐용기에 넣은 것),수입,178253,1424331,244762,1946385,2017-06-30
201706,1604119000,I,연어(조제/밀페용기에 넣은 것 이외 기타),수입,3263,44050,8564,111173,2017-06-30
201706,1604121000,I,청어(밀폐용기에넣은것),수입,0,0,730,1690,2017-06-30
201706,1604129000,I,청어(통조림외조제품),수입,0,4,260,2267,2017-06-30
201706,1604131000,I,정어리(밀폐용기에넣은것),수입,12625,16818,96652,274531,2017-06-30
201706,1604139000,I,정어리(통조림외조제품),수입,14,211,2413,49776,2017-06-30
201706,1604141011,I,다랭이(기름담금),수입,19825,111435,45969,195498,2017-06-30
201706,1604141012,I,다랭이(보일드),수입,6,110,66,1464,2017-06-30
201706,1604141019,I,다랭이류(다랭이/ 가다랭이 이외 기타/조제/밀폐용기에 넣은 것),수입,5457,60934,9880,111781,2017-06-30
201706,1604141021,I,다랭이류(조제/밀폐용기에 넣은 것 이외 기타),수입,83398,443461,118858,586748,2017-06-30
201706,1604141029,I,가다랭이(기타),수입,9,65,11,100,2017-06-30
201706,1604141031,I,버니토우(기름담근것(밀폐용기,수입,19908,42675,67855,194677,2017-06-30
201706,1604141039,I,버니토우(기타),수입,1127,24110,9662,180864,2017-06-30
201706,1604149000,I,다랭이류(조제/밀폐용기에 넣은 것 이외 기타),수입,4807,78105,24530,424392,2017-06-30
201706,1604151000,I,고등어(조제/밀폐용기에 넣은 것),수입,36238,115126,134634,567962,2017-06-30
201706,1604159000,I,고등어(조제/밀폐용기에 넣은 것 이외 기타),수입,4102,16141,14672,61899,2017-06-30
201706,1604161000,I,멸치(조제/밀폐용기에 넣은 것),수입,3611,56448,30484,381269,2017-06-30
201706,1604169000,I,전갱이(조제/밀폐용기에 넣은 것 이외 기타),수입,62,758,37084,206573,2017-06-30
201706,1604171000,I,뱀장어(조제 또는 저장처리)(밀폐용기에 넣은 것),수입,0,0,4500,94945,2017-06-30
201706,1604179000,I,뱀장어(조제 또는 저장처리),수입,48886,1061986,249055,4858768,2017-06-30
201706,1604189000,I,기타,수입,1540,235309,3560,609502,2017-06-30
201706,1604191010,I,꽁치(통조림외조제품),수입,0,0,3399,15478,2017-06-30
201706,1604191020,I,전갱이(밀폐용기에넣은것),수입,1020,1822,11723,47139,2017-06-30
201706,1604191090,I,어류조제품(연어/청어/정어리/고등어 등 밀폐용기에넣은것),수입,676,5105,27119,147916,2017-06-30
201706,1604199010,I,쥐치포(조제/밀페용기 이외 기타),수입,396280,3617352,2627604,22765044,2017-06-30
201706,1604199090,I,어류조제품(연어/청어/고등어/기타/조제/밀폐용기에 넣은 것),수입,690917,3120903,3959088,18465911,2017-06-30
201706,1604201000,I,생선페이스트,수입,0,0,3015,10487,2017-06-30
201706,1604202000,I,생선마리네이드,수입,5625,36000,13807,90295,2017-06-30
201706,1604203000,I,생선소시지,수입,0,0,15016,100716,2017-06-30
201706,1604204010,I,생선묵(게맛),수입,78060,226356,611025,1907322,2017-06-30
201706,1604204090,I,생선묵(게맛의 것 이외 기타),수입,138547,557294,926488,3724252,2017-06-30
201706,1604209000,I,어류조제/저장제품(생선 페이스트/마리네이드/소시지/생선묵),수입,216473,1103255,966451,4885148,2017-06-30
201706,1604310000,I,캐비아,수입,122,90284,434,357783,2017-06-30
201706,1604320000,I,캐비아 대용물,수입,154374,1529994,986230,9556675,2017-06-30
201706,1605101010,I,게살(밀폐용기에넣은것),수입,574,61921,6588,318932,2017-06-30
201706,1605101091,I,붉은 대게살(밀폐용기에 넣은 것/ 훈제한 것 이외 기타),수입,10108,85500,30685,261082,2017-06-30
201706,1605101099,I,기타 게살(밀폐용기에 넣은 것/ 훈제한 것 이외 기타),수입,25252,556132,47816,1017055,2017-06-30
201706,1605109000,I,게 조제품(게살 이외 기타),수입,4528,43490,20944,183166,2017-06-30
201706,1605211000,I,새우류(조제 또는 저장처리)(밀폐용기에 넣지 아니한 것)(브레드한 것),수입,812855,5774967,4591774,32486572,2017-06-30
201706,1605219000,I,새우류(조제 또는 저장처리)(밀폐용기에 넣지 아니한 것)(기타),수입,709900,8396929,3661696,41165063,2017-06-30
201706,1605290000,I,새우류(조제 또는 저장처리),수입,31131,290955,122331,1220344,2017-06-30
201706,1605301000,I,바다가재(밀폐용기에넣은것),수입,177,9393,1303,28033,2017-06-30
201706,1605309000,I,바다가재(통조림외),수입,4530,134572,12864,384854,2017-06-30
201706,1605401000,I,기타갑각류(밀폐용기에넣은것),수입,0,0,7563,18790,2017-06-30
201706,1605511000,I,굴(조제 또는 저장처리)(밀폐용기에 넣은 것),수입,33,477,187,3324,2017-06-30
201706,1605519000,I,굴(조제 또는 저장처리)(기타),수입,6001,18202,67472,184162,2017-06-30
201706,1605521000,I,가리비과의 조개(밀폐용기에넣은것),수입,2,112,201,11048,2017-06-30
201706,1605529000,I,가리비과의 조개(조제 또는 저장처리)(기타),수입,33313,239157,138207,1122546,2017-06-30
201706,1605531000,I,홍합(조제 또는 저장처리)(밀폐용기에 넣은 것),수입,900,3420,2162,10385,2017-06-30
201706,1605539000,I,홍합(조제 또는 저장처리)(기타),수입,316691,1129664,2769124,10826435,2017-06-30
201706,1605541090,I,갑오징어와 오징어(조제 또는 저장처리)(기타),수입,4194,10527,56447,196062,2017-06-30
201706,1605542010,I,오징어(조제 또는 저장처리)(밀폐용기에 넣은 것),수입,776,3293,1606,10466,2017-06-30
201706,1605542091,I,조미오징어(조제 또는 저장처리)(밀폐용기에 넣은 것),수입,380208,1332205,1399117,6682122,2017-06-30
201706,1605542099,I,오징어 기타(조제 또는 저장처리),수입,1801793,7673950,11722806,53236480,2017-06-30
201706,1605551000,I,문어(조제 또는 저장처리)(밀폐용기에 넣은 것),수입,2892,7849,12294,51709,2017-06-30
201706,1605559000,I,문어(조제 또는 저장처리)(기타),수입,469894,2361104,3597980,17553553,2017-06-30
201706,1605561010,I,바지락(조제 또는 저장처리)(밀폐용기에 넣은 것),수입,0,0,20783,94129,2017-06-30
201706,1605561090,I,바지락(조제 또는 저장처리)(기타),수입,512808,1131135,2452912,5411004,2017-06-30
201706,1605562090,I,새조개(조제 또는 저장처리)(기타),수입,0,0,4763,61694,2017-06-30
201706,1605569010,I,클램/ 새조개 및 피조개 기타(조제 또는 저장처리)(밀폐용기에 넣은 것),수입,0,14,4,85,2017-06-30
201706,1605569090,I,클램/ 새조개 및 피조개 기타(조제 또는 저장처리)(기타),수입,46009,173982,233283,830310,2017-06-30
201706,1605571000,I,전복(밀폐용기에넣은것),수입,0,0,1,35,2017-06-30
201706,1605579000,I,전복(조제 또는 저장처리) 기타,수입,50762,846544,260479,4491019,2017-06-30
201706,1605581000,I,달팽이(조제 또는 저장처리)(밀폐용기에 넣은 것),수입,15360,71214,51284,201523,2017-06-30
201706,1605589000,I,달팽이(조제 또는 저장처리)(기타),수입,28422,92877,44766,169511,2017-06-30
201706,1605591010,I,골뱅이(조제 또는 저장처리)(밀폐용기에 넣은 것),수입,0,0,36,226,2017-06-30
201706,1605591090,I,골뱅이(조제 또는 저장처리)(기타),수입,612544,7093072,2704606,30026571,2017-06-30
201706,1605592090,I,소라(조제 또는 저장처리)기타,수입,0,0,212183,1194127,2017-06-30
201706,1605599090,I,연체동물 기타(조제 또는 저장처리)(기타),수입,592377,2807416,3669163,15922469,2017-06-30
201706,1605619000,I,해삼(조제 또는 저장처리)기타,수입,27722,1160715,111224,6056961,2017-06-30
201706,1605639000,I,해파리(조제 또는 저장처리)(기타),수입,2580,34213,14727,178855,2017-06-30
201706,1605691000,I,기타 수생무척추동물의 기타(밀폐용기에넣은걱),수입,6,88,29,554,2017-06-30
201706,1605699000,I,기타 수생무척추동물의 기타(조제 또는 저장처리)(기타),수입,13703,67688,157261,776451,2017-06-30
201706,2104102000,I,어류의 수우프/ 브로드와 수우프 브로드 제조용 조제품,수입,2,11,220,2631,2017-06-30
201706,2106904010,I,김(조제한식용해초류),수입,12,662,6938,311873,2017-06-30
201706,2106904090,I,조제한식용해조류(김 이외 기타),수입,7606,52805,44226,315281,2017-06-30
201706,2301201000,I,어류의 분.조분 및 펠리트,수입,4193357,7167185,25148087,42411104,2017-06-30
201706,2301209000,I,어류외기타 분.조분 및 펠리트,수입,48134,54775,326543,515360,2017-06-30
201706,2501001010,I,암염(岩鹽),수입,6684,22384,223934,101634,2017-06-30
201706,2501001020,I,천일염,수입,360328219,9593283,1794694235,50964304,2017-06-30
201706,2501009010,I,식염,수입,18185268,1443755,111812241,8016682,2017-06-30
201706,2501009020,I,순염화나트륨,수입,1275690,667859,6176591,2809175,2017-06-30
201706,2501009090,I,기타소금/해수,수입,4338112,612853,31869841,4443498,2017-06-30
201706,4202211040,I,장어류의 가죽으로 만든 것,수입,0,0,4471,35279,2017-06-30
201706,4202311040,I,장어류의 가죽으로 만든 것,수입,327,2360,1203,8915,2017-06-30
201706,4202911040,I,장어류의 가죽으로 만든 것,수입,0,0,3,2088,2017-06-30
201706,4203301040,I,장어류의 가죽으로 만든 것,수입,0,0,23,5905,2017-06-30
201706,7101101000,I,가공하지 않은 것,수입,0,10122,216,24528,2017-06-30
201706,7101102000,I,가공한 것,수입,0,112,0,320,2017-06-30
201706,7101210000,I,양식진주(가공하지않은것),수입,0,15590,31,151874,2017-06-30
201706,7101220000,I,양식진주(가공한것),수입,83,153891,583,1188274,2017-06-30
201706,7116101000,I,천연진주로만든 것 ,수입,1,2087,3,2127,2017-06-30
201706,7116102000,I,양식진주로 만든 것   ,수입,285,84269,1236,535456,2017-06-30
201706,9601901090,I,패각(기타),수입,1096,54858,30755,577122,2017-06-30
201706,9606291000,I,조개껍질로 만든것,수입,818,22545,11059,397746,2017-06-30
